Date,BTC-USD,^GSPC
2018-01-02,14982.099609375,2695.81005859375
2018-01-03,15201.0,2713.06005859375
2018-01-04,15599.2001953125,2723.989990234375
2018-01-05,17429.5,2743.14990234375
2018-01-08,15170.099609375,2747.7099609375
2018-01-09,14595.400390625,2751.2900390625
2018-01-10,14973.2998046875,2748.22998046875
2018-01-11,13405.7998046875,2767.56005859375
2018-01-12,13980.599609375,2786.239990234375
2018-01-16,11490.5,2776.419921875
2018-01-17,11188.599609375,2802.56005859375
2018-01-18,11474.900390625,2798.030029296875
2018-01-19,11607.400390625,2810.300048828125
2018-01-22,10931.400390625,2832.969970703125
2018-01-23,10868.400390625,2839.1298828125
2018-01-24,11359.400390625,2837.5400390625
2018-01-25,11259.400390625,2839.25
2018-01-26,11171.400390625,2872.8701171875
2018-01-29,11296.400390625,2853.530029296875
2018-01-30,10106.2998046875,2822.429931640625
2018-01-31,10221.099609375,2823.81005859375
2018-02-01,9170.5400390625,2821.97998046875
2018-02-02,8830.75,2762.1298828125
2018-02-05,6955.27001953125,2648.93994140625
2018-02-06,7754.0,2695.139892578125
2018-02-07,7621.2998046875,2681.659912109375
2018-02-08,8265.58984375,2581.0
2018-02-09,8736.98046875,2619.550048828125
2018-02-12,8926.5703125,2656.0
2018-02-13,8598.3095703125,2662.93994140625
2018-02-14,9494.6298828125,2698.6298828125
2018-02-15,10166.400390625,2731.199951171875
2018-02-16,10233.900390625,2732.219970703125
2018-02-20,11403.7001953125,2716.260009765625
2018-02-21,10690.400390625,2701.330078125
2018-02-22,10005.0,2703.9599609375
2018-02-23,10301.099609375,2747.300048828125
2018-02-26,10366.7001953125,2779.60009765625
2018-02-27,10725.599609375,2744.280029296875
2018-02-28,10397.900390625,2713.830078125
2018-03-01,10951.0,2677.669921875
2018-03-02,11086.400390625,2691.25
2018-03-05,11573.2998046875,2720.93994140625
2018-03-06,10779.900390625,2728.1201171875
2018-03-07,9965.5703125,2726.800048828125
2018-03-08,9395.009765625,2738.969970703125
2018-03-09,9337.5498046875,2786.570068359375
2018-03-12,9205.1201171875,2783.02001953125
2018-03-13,9194.849609375,2765.31005859375
2018-03-14,8269.8095703125,2749.47998046875
2018-03-15,8300.8603515625,2747.330078125
2018-03-16,8338.349609375,2752.010009765625
2018-03-19,8630.650390625,2712.919921875
2018-03-20,8913.4697265625,2716.93994140625
2018-03-21,8929.2802734375,2711.929931640625
2018-03-22,8728.4697265625,2643.68994140625
2018-03-23,8879.6201171875,2588.260009765625
2018-03-26,8209.400390625,2658.550048828125
2018-03-27,7833.0400390625,2612.6201171875
2018-03-28,7954.47998046875,2605.0
2018-03-29,7165.7001953125,2640.8701171875
2018-04-02,7083.7998046875,2581.8798828125
2018-04-03,7456.10986328125,2614.449951171875
2018-04-04,6853.83984375,2644.68994140625
2018-04-05,6811.47021484375,2662.840087890625
2018-04-06,6636.31982421875,2604.469970703125
2018-04-09,6770.72998046875,2613.159912109375
2018-04-10,6834.759765625,2656.8701171875
2018-04-11,6968.31982421875,2642.18994140625
2018-04-12,7889.25,2663.989990234375
2018-04-13,7895.9599609375,2656.300048828125
2018-04-16,8058.669921875,2677.840087890625
2018-04-17,7902.08984375,2706.389892578125
2018-04-18,8163.419921875,2708.639892578125
2018-04-19,8294.3095703125,2693.1298828125
2018-04-20,8845.830078125,2670.139892578125
2018-04-23,8930.8798828125,2670.2900390625
2018-04-24,9697.5,2634.56005859375
2018-04-25,8845.740234375,2639.39990234375
2018-04-26,9281.509765625,2666.93994140625
2018-04-27,8987.0498046875,2669.909912109375
2018-04-30,9240.5498046875,2648.050048828125
2018-05-01,9119.009765625,2654.800048828125
2018-05-02,9235.919921875,2635.669921875
2018-05-03,9743.8603515625,2629.72998046875
2018-05-04,9700.759765625,2663.419921875
2018-05-07,9373.009765625,2672.6298828125
2018-05-08,9234.8203125,2671.919921875
2018-05-09,9325.1796875,2697.7900390625
2018-05-10,9043.9404296875,2723.070068359375
2018-05-11,8441.490234375,2727.719970703125
2018-05-14,8716.7900390625,2730.1298828125
2018-05-15,8510.3798828125,2711.449951171875
2018-05-16,8368.830078125,2722.4599609375
2018-05-17,8094.31982421875,2720.1298828125
2018-05-18,8250.9697265625,2712.969970703125
2018-05-21,8418.990234375,2733.010009765625
2018-05-22,8041.77978515625,2724.43994140625
2018-05-23,7557.81982421875,2733.2900390625
2018-05-24,7587.33984375,2727.760009765625
2018-05-25,7480.14013671875,2721.330078125
2018-05-29,7472.58984375,2689.860107421875
2018-05-30,7406.52001953125,2724.010009765625
2018-05-31,7494.169921875,2705.27001953125
2018-06-01,7541.4501953125,2734.6201171875
2018-06-04,7514.47021484375,2746.8701171875
2018-06-05,7633.759765625,2748.800048828125
2018-06-06,7653.97998046875,2772.35009765625
2018-06-07,7678.240234375,2770.3701171875
2018-06-08,7624.919921875,2779.030029296875
2018-06-11,6906.919921875,2782.0
2018-06-12,6582.35986328125,2786.85009765625
2018-06-13,6349.89990234375,2775.6298828125
2018-06-14,6675.35009765625,2782.489990234375
2018-06-15,6456.580078125,2779.659912109375
2018-06-18,6734.81982421875,2773.75
2018-06-19,6769.93994140625,2762.590087890625
2018-06-20,6776.5498046875,2767.320068359375
2018-06-21,6729.740234375,2749.760009765625
2018-06-22,6083.68994140625,2754.8798828125
2018-06-25,6249.18017578125,2717.070068359375
2018-06-26,6093.669921875,2723.06005859375
2018-06-27,6157.1298828125,2699.6298828125
2018-06-28,5903.43994140625,2716.31005859375
2018-06-29,6218.2998046875,2718.3701171875
2018-07-02,6614.18017578125,2726.7099609375
2018-07-03,6529.58984375,2713.219970703125
2018-07-05,6639.14013671875,2736.610107421875
2018-07-06,6673.5,2759.820068359375
2018-07-09,6741.75,2784.169921875
2018-07-10,6329.9501953125,2793.840087890625
2018-07-11,6394.7099609375,2774.02001953125
2018-07-12,6228.81005859375,2798.2900390625
2018-07-13,6238.0498046875,2801.31005859375
2018-07-16,6741.75,2798.429931640625
2018-07-17,7321.0400390625,2809.550048828125
2018-07-18,7370.77978515625,2815.6201171875
2018-07-19,7466.85986328125,2804.489990234375
2018-07-20,7354.1298828125,2801.830078125
2018-07-23,7711.10986328125,2806.97998046875
2018-07-24,8424.26953125,2820.39990234375
2018-07-25,8181.39013671875,2846.070068359375
2018-07-26,7951.580078125,2837.43994140625
2018-07-27,8165.009765625,2818.820068359375
2018-07-30,8180.47998046875,2802.60009765625
2018-07-31,7780.43994140625,2816.2900390625
2018-08-01,7624.91015625,2813.360107421875
2018-08-02,7567.14990234375,2827.219970703125
2018-08-03,7434.39013671875,2840.35009765625
2018-08-06,6951.7998046875,2850.39990234375
2018-08-07,6753.1201171875,2858.449951171875
2018-08-08,6305.7998046875,2857.699951171875
2018-08-09,6568.22998046875,2853.580078125
2018-08-10,6184.7099609375,2833.280029296875
2018-08-13,6297.56982421875,2821.929931640625
2018-08-14,6199.7099609375,2839.9599609375
2018-08-15,6308.52001953125,2818.3701171875
2018-08-16,6334.72998046875,2840.68994140625
2018-08-17,6580.6298828125,2850.1298828125
2018-08-20,6308.52978515625,2857.050048828125
2018-08-21,6488.759765625,2862.9599609375
2018-08-22,6376.7099609375,2861.820068359375
2018-08-23,6534.8798828125,2856.97998046875
2018-08-24,6719.9599609375,2874.68994140625
2018-08-27,6884.64013671875,2896.739990234375
2018-08-28,7096.27978515625,2897.52001953125
2018-08-29,7047.16015625,2914.0400390625
2018-08-30,6978.22998046875,2901.1298828125
2018-08-31,7037.580078125,2901.52001953125
2018-09-04,7361.66015625,2896.719970703125
2018-09-05,6792.830078125,2888.60009765625
2018-09-06,6529.169921875,2878.050048828125
2018-09-07,6467.06982421875,2871.679931640625
2018-09-10,6329.7001953125,2877.1298828125
2018-09-11,6321.2001953125,2887.889892578125
2018-09-12,6351.7998046875,2888.919921875
2018-09-13,6517.31005859375,2904.179931640625
2018-09-14,6512.7099609375,2904.97998046875
2018-09-17,6281.2001953125,2888.800048828125
2018-09-18,6371.2998046875,2904.31005859375
2018-09-19,6398.5400390625,2907.949951171875
2018-09-20,6519.669921875,2930.75
2018-09-21,6734.9501953125,2929.669921875
2018-09-24,6595.41015625,2919.3701171875
2018-09-25,6446.47021484375,2915.56005859375
2018-09-26,6495.0,2905.969970703125
2018-09-27,6676.75,2914.0
2018-09-28,6644.1298828125,2913.97998046875
2018-10-01,6589.6201171875,2924.590087890625
2018-10-02,6556.10009765625,2923.429931640625
2018-10-03,6502.58984375,2925.510009765625
2018-10-04,6576.68994140625,2901.610107421875
2018-10-05,6622.47998046875,2885.570068359375
2018-10-08,6652.22998046875,2884.429931640625
2018-10-09,6642.64013671875,2880.340087890625
2018-10-10,6585.52978515625,2785.679931640625
2018-10-11,6256.240234375,2728.3701171875
2018-10-12,6274.580078125,2767.1298828125
2018-10-15,6596.5400390625,2750.7900390625
2018-10-16,6596.10986328125,2809.919921875
2018-10-17,6544.43017578125,2809.2099609375
2018-10-18,6476.7099609375,2768.780029296875
2018-10-19,6465.41015625,2767.780029296875
2018-10-22,6487.16015625,2755.8798828125
2018-10-23,6475.740234375,2740.68994140625
2018-10-24,6495.83984375,2656.10009765625
2018-10-25,6476.2900390625,2705.570068359375
2018-10-26,6474.75,2658.68994140625
2018-10-29,6332.6298828125,2641.25
2018-10-30,6334.27001953125,2682.6298828125
2018-10-31,6317.60986328125,2711.739990234375
2018-11-01,6377.77978515625,2740.3701171875
2018-11-02,6388.43994140625,2723.06005859375
2018-11-05,6419.66015625,2738.31005859375
2018-11-06,6461.009765625,2755.449951171875
2018-11-07,6530.14013671875,2813.889892578125
2018-11-08,6453.72021484375,2806.830078125
2018-11-09,6385.6201171875,2781.010009765625
2018-11-12,6371.27001953125,2726.219970703125
2018-11-13,6359.490234375,2722.179931640625
2018-11-14,5738.35009765625,2701.580078125
2018-11-15,5648.02978515625,2730.199951171875
2018-11-16,5575.5498046875,2736.27001953125
2018-11-19,4871.490234375,2690.72998046875
2018-11-20,4451.8701171875,2641.889892578125
2018-11-21,4602.169921875,2649.929931640625
2018-11-23,4347.10986328125,2632.56005859375
2018-11-26,3779.1298828125,2673.449951171875
2018-11-27,3820.719970703125,2682.169921875
2018-11-28,4257.419921875,2743.7900390625
2018-11-29,4278.8466796875,2737.800048828125
2018-11-30,4017.2685546875,2760.169921875
2018-12-03,3894.130859375,2790.3701171875
2018-12-04,3956.893798828125,2700.06005859375
2018-12-06,3521.101806640625,2695.949951171875
2018-12-07,3419.937255859375,2633.080078125
2018-12-10,3502.656005859375,2637.719970703125
2018-12-11,3424.588134765625,2636.780029296875
2018-12-12,3486.9501953125,2651.070068359375
2018-12-13,3313.67724609375,2650.5400390625
2018-12-14,3242.48486328125,2599.949951171875
2018-12-17,3545.86474609375,2545.93994140625
2018-12-18,3696.05908203125,2546.159912109375
2018-12-19,3745.95068359375,2506.9599609375
2018-12-20,4134.44140625,2467.419921875
2018-12-21,3896.543701171875,2416.6201171875
2018-12-24,4078.59912109375,2351.10009765625
2018-12-26,3857.297607421875,2467.699951171875
2018-12-27,3654.83349609375,2488.830078125
2018-12-28,3923.918701171875,2485.739990234375
2018-12-31,3742.700439453125,2506.85009765625
2019-01-02,3943.409423828125,2510.030029296875
2019-01-03,3836.7412109375,2447.889892578125
2019-01-04,3857.717529296875,2531.93994140625
2019-01-07,4025.248291015625,2549.68994140625
2019-01-08,4030.847900390625,2574.409912109375
2019-01-09,4035.29638671875,2584.9599609375
2019-01-10,3678.924560546875,2596.639892578125
2019-01-11,3687.365478515625,2596.260009765625
2019-01-14,3706.05224609375,2582.610107421875
2019-01-15,3630.67529296875,2610.300048828125
2019-01-16,3655.0068359375,2616.10009765625
2019-01-17,3678.56396484375,2635.9599609375
2019-01-18,3657.83935546875,2670.7099609375
2019-01-22,3604.5771484375,2632.89990234375
2019-01-23,3585.123046875,2638.699951171875
2019-01-24,3600.865478515625,2642.330078125
2019-01-25,3599.765869140625,2664.760009765625
2019-01-28,3470.450439453125,2643.85009765625
2019-01-29,3448.116943359375,2640.0
2019-01-30,3486.181640625,2681.050048828125
2019-01-31,3457.792724609375,2704.10009765625
2019-02-01,3487.9453125,2706.530029296875
2019-02-04,3459.154052734375,2724.8701171875
2019-02-05,3466.357421875,2737.699951171875
2019-02-06,3413.767822265625,2731.610107421875
2019-02-07,3399.4716796875,2706.050048828125
2019-02-08,3666.7802734375,2707.8798828125
2019-02-11,3648.4306640625,2709.800048828125
2019-02-12,3653.528564453125,2744.72998046875
2019-02-13,3632.070556640625,2753.030029296875
2019-02-14,3616.880859375,2745.72998046875
2019-02-15,3620.810791015625,2775.60009765625
2019-02-19,3947.094482421875,2779.760009765625
2019-02-20,3999.820556640625,2784.699951171875
2019-02-21,3954.1181640625,2774.8798828125
2019-02-22,4005.526611328125,2792.669921875
2019-02-25,3882.6962890625,2796.110107421875
2019-02-26,3854.35791015625,2793.89990234375
2019-02-27,3851.04736328125,2792.3798828125
2019-02-28,3854.785400390625,2784.489990234375
2019-03-01,3859.583740234375,2803.68994140625
2019-03-04,3761.55712890625,2792.81005859375
2019-03-05,3896.375,2789.64990234375
2019-03-06,3903.942626953125,2771.449951171875
2019-03-07,3911.484375,2748.929931640625
2019-03-08,3901.131591796875,2743.070068359375
2019-03-11,3905.227294921875,2783.300048828125
2019-03-12,3909.15625,2791.52001953125
2019-03-13,3906.71728515625,2810.919921875
2019-03-14,3924.369140625,2808.47998046875
2019-03-15,3960.9111328125,2822.47998046875
2019-03-18,4032.50732421875,2832.93994140625
2019-03-19,4071.190185546875,2832.570068359375
2019-03-20,4087.476318359375,2824.22998046875
2019-03-21,4029.326904296875,2854.8798828125
2019-03-22,4023.96826171875,2800.7099609375
2019-03-25,3963.070556640625,2798.360107421875
2019-03-26,3985.080810546875,2818.4599609375
2019-03-27,4087.066162109375,2805.3701171875
2019-03-28,4069.107177734375,2815.43994140625
2019-03-29,4098.37451171875,2834.39990234375
2019-04-01,4158.18310546875,2867.18994140625
2019-04-02,4879.8779296875,2867.239990234375
2019-04-03,4973.02197265625,2873.39990234375
2019-04-04,4922.798828125,2879.389892578125
2019-04-05,5036.68115234375,2892.739990234375
2019-04-08,5289.77099609375,2895.77001953125
2019-04-09,5204.95849609375,2878.199951171875
2019-04-10,5324.5517578125,2888.2099609375
2019-04-11,5064.48779296875,2888.320068359375
2019-04-12,5089.5390625,2907.409912109375
2019-04-15,5067.1083984375,2905.580078125
2019-04-16,5235.5595703125,2907.06005859375
2019-04-17,5251.93798828125,2900.449951171875
2019-04-18,5298.3857421875,2905.030029296875
2019-04-22,5399.365234375,2907.969970703125
2019-04-23,5572.3623046875,2933.679931640625
2019-04-24,5464.86669921875,2927.25
2019-04-25,5210.515625,2926.169921875
2019-04-26,5279.34814453125,2939.8798828125
2019-04-29,5247.3525390625,2943.030029296875
2019-04-30,5350.7265625,2945.830078125
2019-05-01,5402.697265625,2923.72998046875
2019-05-02,5505.28369140625,2917.52001953125
2019-05-03,5768.28955078125,2945.639892578125
2019-05-06,5746.80712890625,2932.469970703125
2019-05-07,5829.50146484375,2884.050048828125
2019-05-08,5982.45751953125,2879.419921875
2019-05-09,6174.52880859375,2870.719970703125
2019-05-10,6378.84912109375,2881.39990234375
2019-05-13,7814.9150390625,2811.8701171875
2019-05-14,7994.416015625,2834.409912109375
2019-05-15,8205.16796875,2850.9599609375
2019-05-16,7884.9091796875,2876.320068359375
2019-05-17,7343.8955078125,2859.530029296875
2019-05-20,7978.30908203125,2840.22998046875
2019-05-21,7963.32763671875,2864.360107421875
2019-05-22,7680.06640625,2856.27001953125
2019-05-23,7881.8466796875,2822.239990234375
2019-05-24,7987.37158203125,2826.06005859375
2019-05-28,8719.9619140625,2802.389892578125
2019-05-29,8659.4873046875,2783.02001953125
2019-05-30,8319.47265625,2788.860107421875
2019-05-31,8574.501953125,2752.06005859375
2019-06-03,8208.9951171875,2744.449951171875
2019-06-04,7707.77099609375,2803.27001953125
2019-06-05,7824.2314453125,2826.14990234375
2019-06-06,7822.0234375,2843.489990234375
2019-06-07,8043.951171875,2873.340087890625
2019-06-10,8000.32958984375,2886.72998046875
2019-06-11,7927.71435546875,2885.719970703125
2019-06-12,8145.857421875,2879.840087890625
2019-06-13,8230.923828125,2891.639892578125
2019-06-14,8693.8330078125,2886.97998046875
2019-06-17,9320.3525390625,2889.669921875
2019-06-18,9081.7626953125,2917.75
2019-06-19,9273.521484375,2926.4599609375
2019-06-20,9527.16015625,2954.179931640625
2019-06-21,10144.556640625,2950.4599609375
2019-06-24,11011.1025390625,2945.35009765625
2019-06-25,11790.9169921875,2917.3798828125
2019-06-26,13016.2314453125,2913.780029296875
2019-06-27,11182.806640625,2924.919921875
2019-06-28,12407.33203125,2941.760009765625
2019-07-01,10583.134765625,2964.330078125
2019-07-02,10801.677734375,2973.010009765625
2019-07-03,11961.26953125,2995.820068359375
2019-07-05,10978.4599609375,2990.409912109375
2019-07-08,12285.9580078125,2975.949951171875
2019-07-09,12573.8125,2979.6298828125
2019-07-10,12156.5126953125,2993.070068359375
2019-07-11,11358.662109375,2999.909912109375
2019-07-12,11815.986328125,3013.77001953125
2019-07-15,10895.08984375,3014.300048828125
2019-07-16,9477.6416015625,3004.0400390625
2019-07-17,9693.802734375,2984.419921875
2019-07-18,10666.482421875,2995.110107421875
2019-07-19,10530.732421875,2976.610107421875
2019-07-22,10343.1064453125,2985.030029296875
2019-07-23,9900.767578125,3005.469970703125
2019-07-24,9811.92578125,3019.56005859375
2019-07-25,9911.841796875,3003.669921875
2019-07-26,9870.3037109375,3025.860107421875
2019-07-29,9519.1455078125,3020.969970703125
2019-07-30,9607.423828125,3013.179931640625
2019-07-31,10085.6279296875,2980.3798828125
2019-08-01,10399.6689453125,2953.56005859375
2019-08-02,10518.1748046875,2932.050048828125
2019-08-05,11805.6533203125,2844.739990234375
2019-08-06,11478.1689453125,2881.77001953125
2019-08-07,11941.96875,2883.97998046875
2019-08-08,11966.4072265625,2938.090087890625
2019-08-09,11862.9365234375,2918.64990234375
2019-08-12,11382.6162109375,2882.699951171875
2019-08-13,10895.830078125,2926.320068359375
2019-08-14,10051.7041015625,2840.60009765625
2019-08-15,10311.5458984375,2847.60009765625
2019-08-16,10374.3388671875,2888.679931640625
2019-08-19,10916.0537109375,2923.64990234375
2019-08-20,10763.232421875,2900.510009765625
2019-08-21,10138.0498046875,2924.429931640625
2019-08-22,10131.0556640625,2922.949951171875
2019-08-23,10407.96484375,2847.110107421875
2019-08-26,10370.8203125,2878.3798828125
2019-08-27,10185.5,2869.159912109375
2019-08-28,9754.4228515625,2887.93994140625
2019-08-29,9510.2001953125,2924.580078125
2019-08-30,9598.173828125,2926.4599609375
2019-09-03,10623.5400390625,2906.27001953125
2019-09-04,10594.4931640625,2937.780029296875
2019-09-05,10575.533203125,2976.0
2019-09-06,10353.302734375,2978.7099609375
2019-09-09,10334.974609375,2978.429931640625
2019-09-10,10115.9755859375,2979.389892578125
2019-09-11,10178.3720703125,3000.929931640625
2019-09-12,10410.126953125,3009.570068359375
2019-09-13,10360.546875,3007.389892578125
2019-09-16,10276.7939453125,2997.9599609375
2019-09-17,10241.2724609375,3005.699951171875
2019-09-18,10198.248046875,3006.72998046875
2019-09-19,10266.4150390625,3006.7900390625
2019-09-20,10181.6416015625,2992.070068359375
2019-09-23,9729.32421875,2991.780029296875
2019-09-24,8620.56640625,2966.60009765625
2019-09-25,8486.9931640625,2984.8701171875
2019-09-26,8118.9677734375,2977.6201171875
2019-09-27,8251.845703125,2961.7900390625
2019-09-30,8293.8681640625,2976.739990234375
2019-10-01,8343.2763671875,2940.25
2019-10-02,8393.0419921875,2887.610107421875
2019-10-03,8259.9921875,2910.6298828125
2019-10-04,8205.939453125,2952.010009765625
2019-10-07,8245.623046875,2938.7900390625
2019-10-08,8228.783203125,2893.06005859375
2019-10-09,8595.740234375,2919.39990234375
2019-10-10,8586.4736328125,2938.1298828125
2019-10-11,8321.7568359375,2970.27001953125
2019-10-14,8374.6865234375,2966.14990234375
2019-10-15,8205.369140625,2995.679931640625
2019-10-16,8047.52685546875,2989.68994140625
2019-10-17,8103.9111328125,2997.949951171875
2019-10-18,7973.20751953125,2986.199951171875
2019-10-21,8243.720703125,3006.719970703125
2019-10-22,8078.203125,2995.989990234375
2019-10-23,7514.671875,3004.52001953125
2019-10-24,7493.48876953125,3010.2900390625
2019-10-25,8660.7001953125,3022.550048828125
2019-10-28,9256.1484375,3039.419921875
2019-10-29,9427.6875,3036.889892578125
2019-10-30,9205.7265625,3046.77001953125
2019-10-31,9199.5849609375,3037.56005859375
2019-11-01,9261.1044921875,3066.909912109375
2019-11-04,9412.6123046875,3078.27001953125
2019-11-05,9342.52734375,3074.6201171875
2019-11-06,9360.8798828125,3076.780029296875
2019-11-07,9267.5615234375,3085.179931640625
2019-11-08,8804.880859375,3093.080078125
2019-11-11,8757.7880859375,3087.010009765625
2019-11-12,8815.662109375,3091.840087890625
2019-11-13,8808.2626953125,3094.0400390625
2019-11-14,8708.0947265625,3096.6298828125
2019-11-15,8491.9921875,3120.4599609375
2019-11-18,8309.2861328125,3122.030029296875
2019-11-19,8206.1455078125,3120.179931640625
2019-11-20,8027.26806640625,3108.4599609375
2019-11-21,7642.75,3103.5400390625
2019-11-22,7296.57763671875,3110.2900390625
2019-11-25,7146.1337890625,3133.639892578125
2019-11-26,7218.37109375,3140.52001953125
2019-11-27,7531.66357421875,3153.6298828125
2019-11-29,7761.24365234375,3140.97998046875
2019-12-02,7321.98828125,3113.8701171875
2019-12-03,7320.1455078125,3093.199951171875
2019-12-04,7252.03466796875,3112.760009765625
2019-12-05,7448.3076171875,3117.429931640625
2019-12-06,7546.99658203125,3145.909912109375
2019-12-09,7400.8994140625,3135.9599609375
2019-12-10,7278.11962890625,3132.52001953125
2019-12-11,7217.42724609375,3141.6298828125
2019-12-12,7243.13427734375,3168.570068359375
2019-12-13,7269.6845703125,3168.800048828125
2019-12-16,6932.48046875,3191.449951171875
2019-12-17,6640.51513671875,3192.52001953125
2019-12-18,7276.802734375,3191.139892578125
2019-12-19,7202.84423828125,3205.3701171875
2019-12-20,7218.81640625,3221.219970703125
2019-12-23,7355.62841796875,3224.010009765625
2019-12-24,7322.5322265625,3223.3798828125
2019-12-26,7238.966796875,3239.909912109375
2019-12-27,7290.08837890625,3240.02001953125
2019-12-30,7292.9951171875,3221.2900390625
2019-12-31,7193.59912109375,3230.780029296875
2020-01-02,6985.47021484375,3257.85009765625
2020-01-03,7344.88427734375,3234.85009765625
2020-01-06,7769.21923828125,3246.280029296875
2020-01-07,8163.6923828125,3237.179931640625
2020-01-08,8079.86279296875,3253.050048828125
2020-01-09,7879.0712890625,3274.699951171875
2020-01-10,8166.55419921875,3265.35009765625
2020-01-13,8144.1943359375,3288.1298828125
2020-01-14,8827.7646484375,3283.14990234375
2020-01-15,8807.0107421875,3289.2900390625
2020-01-16,8723.7861328125,3316.81005859375
2020-01-17,8929.0380859375,3329.6201171875
2020-01-21,8745.89453125,3320.7900390625
2020-01-22,8680.8759765625,3321.75
2020-01-23,8406.515625,3325.5400390625
2020-01-24,8445.4345703125,3295.469970703125
2020-01-27,8909.8193359375,3243.6298828125
2020-01-28,9358.58984375,3276.239990234375
2020-01-29,9316.6298828125,3273.39990234375
2020-01-30,9508.9931640625,3283.659912109375
2020-01-31,9350.529296875,3225.52001953125
2020-02-03,9293.521484375,3248.919921875
2020-02-04,9180.962890625,3297.590087890625
2020-02-05,9613.423828125,3334.68994140625
2020-02-06,9729.8017578125,3345.780029296875
2020-02-07,9795.943359375,3327.7099609375
2020-02-10,9856.611328125,3352.090087890625
2020-02-11,10208.236328125,3357.75
2020-02-12,10326.0546875,3379.449951171875
2020-02-13,10214.3798828125,3373.93994140625
2020-02-14,10312.1162109375,3380.159912109375
2020-02-18,10141.99609375,3370.2900390625
2020-02-19,9633.38671875,3386.14990234375
2020-02-20,9608.4755859375,3373.22998046875
2020-02-21,9686.44140625,3337.75
2020-02-24,9650.1748046875,3225.889892578125
2020-02-25,9341.705078125,3128.2099609375
2020-02-26,8820.5224609375,3116.389892578125
2020-02-27,8784.494140625,2978.760009765625
2020-02-28,8672.455078125,2954.219970703125
2020-03-02,8869.669921875,3090.22998046875
2020-03-03,8787.7861328125,3003.3701171875
2020-03-04,8755.24609375,3130.1201171875
2020-03-05,9078.7626953125,3023.93994140625
2020-03-06,9122.5458984375,2972.3701171875
2020-03-09,7923.64453125,2746.56005859375
2020-03-10,7909.7294921875,2882.22998046875
2020-03-11,7911.43017578125,2741.3798828125
2020-03-12,4970.7880859375,2480.639892578125
2020-03-13,5563.70703125,2711.02001953125
2020-03-16,5014.47998046875,2386.1298828125
2020-03-17,5225.62939453125,2529.18994140625
2020-03-18,5238.4384765625,2398.10009765625
2020-03-19,6191.19287109375,2409.389892578125
2020-03-20,6198.7783203125,2304.919921875
2020-03-23,6416.31494140625,2237.39990234375
2020-03-24,6734.8037109375,2447.330078125
2020-03-25,6681.06298828125,2475.56005859375
2020-03-26,6716.4404296875,2630.070068359375
2020-03-27,6469.79833984375,2541.469970703125
2020-03-30,6429.841796875,2626.64990234375
2020-03-31,6438.64453125,2584.590087890625
2020-04-01,6606.7763671875,2470.5
2020-04-02,6793.62451171875,2526.89990234375
2020-04-03,6733.38720703125,2488.64990234375
2020-04-06,7271.78125,2663.679931640625
2020-04-07,7176.41455078125,2659.409912109375
2020-04-08,7334.0986328125,2749.97998046875
2020-04-09,7302.08935546875,2789.820068359375
2020-04-13,6845.03759765625,2761.6298828125
2020-04-14,6842.427734375,2846.06005859375
2020-04-15,6642.10986328125,2783.360107421875
2020-04-16,7116.80419921875,2799.550048828125
2020-04-17,7096.1845703125,2874.56005859375
2020-04-20,6881.95849609375,2823.159912109375
2020-04-21,6880.3232421875,2736.56005859375
2020-04-22,7117.20751953125,2799.31005859375
2020-04-23,7429.724609375,2797.800048828125
2020-04-24,7550.90087890625,2836.739990234375
2020-04-27,7795.60107421875,2878.47998046875
2020-04-28,7807.05859375,2863.389892578125
2020-04-29,8801.0380859375,2939.510009765625
2020-04-30,8658.5537109375,2912.429931640625
2020-05-01,8864.7666015625,2830.7099609375
2020-05-04,8912.654296875,2842.739990234375
2020-05-05,9003.0703125,2868.43994140625
2020-05-06,9268.76171875,2848.419921875
2020-05-07,9951.5185546875,2881.18994140625
2020-05-08,9842.666015625,2929.800048828125
2020-05-11,8601.7958984375,2930.18994140625
2020-05-12,8804.4775390625,2870.1201171875
2020-05-13,9269.9873046875,2820.0
2020-05-14,9733.7216796875,2852.5
2020-05-15,9328.197265625,2863.699951171875
2020-05-18,9726.5751953125,2953.909912109375
2020-05-19,9729.0380859375,2922.93994140625
2020-05-20,9522.9814453125,2971.610107421875
2020-05-21,9081.76171875,2948.510009765625
2020-05-22,9182.5771484375,2955.449951171875
2020-05-26,8835.052734375,2991.77001953125
2020-05-27,9181.017578125,3036.1298828125
2020-05-28,9525.7509765625,3029.72998046875
2020-05-29,9439.1240234375,3044.31005859375
2020-06-01,10167.2685546875,3055.72998046875
2020-06-02,9529.8037109375,3080.820068359375
2020-06-03,9656.7177734375,3122.8701171875
2020-06-04,9800.63671875,3112.35009765625
2020-06-05,9665.533203125,3193.929931640625
2020-06-08,9771.4892578125,3232.389892578125
2020-06-09,9795.7001953125,3207.179931640625
2020-06-10,9870.0947265625,3190.139892578125
2020-06-11,9321.78125,3002.10009765625
2020-06-12,9480.84375,3041.31005859375
2020-06-15,9450.7021484375,3066.590087890625
2020-06-16,9538.0244140625,3124.739990234375
2020-06-17,9480.2548828125,3113.489990234375
2020-06-18,9411.8408203125,3115.340087890625
2020-06-19,9288.0185546875,3097.739990234375
2020-06-22,9648.7177734375,3117.860107421875
2020-06-23,9629.658203125,3131.2900390625
2020-06-24,9313.6103515625,3050.330078125
2020-06-25,9264.8134765625,3083.760009765625
2020-06-26,9162.91796875,3009.050048828125
2020-06-29,9190.8544921875,3053.239990234375
2020-06-30,9137.9931640625,3100.2900390625
2020-07-01,9228.3251953125,3115.860107421875
2020-07-02,9123.41015625,3130.010009765625
2020-07-06,9375.474609375,3179.719970703125
2020-07-07,9252.27734375,3145.320068359375
2020-07-08,9428.3330078125,3169.93994140625
2020-07-09,9277.9677734375,3152.050048828125
2020-07-10,9278.8076171875,3185.0400390625
2020-07-13,9243.6142578125,3155.219970703125
2020-07-14,9243.2138671875,3197.52001953125
2020-07-15,9192.8369140625,3226.56005859375
2020-07-16,9132.2275390625,3215.570068359375
2020-07-17,9151.392578125,3224.72998046875
2020-07-20,9164.2314453125,3251.840087890625
2020-07-21,9374.8876953125,3257.300048828125
2020-07-22,9525.36328125,3276.02001953125
2020-07-23,9581.072265625,3235.659912109375
2020-07-24,9536.892578125,3215.6298828125
2020-07-27,10990.873046875,3239.409912109375
2020-07-28,10912.8232421875,3218.43994140625
2020-07-29,11100.4677734375,3258.43994140625
2020-07-30,11111.2138671875,3246.219970703125
2020-07-31,11323.466796875,3271.1201171875
2020-08-03,11246.3486328125,3294.610107421875
2020-08-04,11205.892578125,3306.510009765625
2020-08-05,11747.0224609375,3327.77001953125
2020-08-06,11779.7734375,3349.159912109375
2020-08-07,11601.47265625,3351.280029296875
2020-08-10,11878.111328125,3360.469970703125
2020-08-11,11410.525390625,3333.68994140625
2020-08-12,11584.9345703125,3380.35009765625
2020-08-13,11784.1376953125,3373.429931640625
2020-08-14,11768.87109375,3372.85009765625
2020-08-17,12254.40234375,3381.989990234375
2020-08-18,11991.2333984375,3389.780029296875
2020-08-19,11758.283203125,3374.85009765625
2020-08-20,11878.3720703125,3385.510009765625
2020-08-21,11592.4892578125,3397.159912109375
2020-08-24,11774.595703125,3431.280029296875
2020-08-25,11366.134765625,3443.6201171875
2020-08-26,11488.36328125,3478.72998046875
2020-08-27,11323.3974609375,3484.550048828125
2020-08-28,11542.5,3508.010009765625
2020-08-31,11680.8203125,3500.31005859375
2020-09-01,11970.478515625,3526.64990234375
2020-09-02,11414.0341796875,3580.840087890625
2020-09-03,10245.296875,3455.06005859375
2020-09-04,10511.8134765625,3426.9599609375
2020-09-08,10131.5166015625,3331.840087890625
2020-09-09,10242.34765625,3398.9599609375
2020-09-10,10363.138671875,3339.18994140625
2020-09-11,10400.9150390625,3340.969970703125
2020-09-14,10680.837890625,3383.5400390625
2020-09-15,10796.951171875,3401.199951171875
2020-09-16,10974.9052734375,3385.489990234375
2020-09-17,10948.990234375,3357.010009765625
2020-09-18,10944.5859375,3319.469970703125
2020-09-21,10462.259765625,3281.06005859375
2020-09-22,10538.4599609375,3315.570068359375
2020-09-23,10246.1865234375,3236.919921875
2020-09-24,10760.06640625,3246.590087890625
2020-09-25,10692.716796875,3298.4599609375
2020-09-28,10709.65234375,3351.60009765625
2020-09-29,10844.640625,3335.469970703125
2020-09-30,10784.4912109375,3363.0
2020-10-01,10619.4521484375,3380.800048828125
2020-10-02,10575.974609375,3348.419921875
2020-10-05,10793.33984375,3408.60009765625
2020-10-06,10604.40625,3360.969970703125
2020-10-07,10668.96875,3419.43994140625
2020-10-08,10915.685546875,3446.830078125
2020-10-09,11064.4580078125,3477.139892578125
2020-10-12,11555.36328125,3534.219970703125
2020-10-13,11425.8994140625,3511.929931640625
2020-10-14,11429.5068359375,3488.669921875
2020-10-15,11495.349609375,3483.340087890625
2020-10-16,11322.123046875,3483.81005859375
2020-10-19,11742.037109375,3426.919921875
2020-10-20,11916.3349609375,3443.1201171875
2020-10-21,12823.689453125,3435.56005859375
2020-10-22,12965.8916015625,3453.489990234375
2020-10-23,12931.5390625,3465.389892578125
2020-10-26,13075.248046875,3400.969970703125
2020-10-27,13654.21875,3390.679931640625
2020-10-28,13271.28515625,3271.030029296875
2020-10-29,13437.8828125,3310.110107421875
2020-10-30,13546.5224609375,3269.9599609375
2020-11-02,13550.4892578125,3310.239990234375
2020-11-03,13950.30078125,3369.159912109375
2020-11-04,14133.70703125,3443.43994140625
2020-11-05,15579.8486328125,3510.449951171875
2020-11-06,15565.880859375,3509.43994140625
2020-11-09,15332.3154296875,3550.5
2020-11-10,15290.90234375,3545.530029296875
2020-11-11,15701.33984375,3572.659912109375
2020-11-12,16276.34375,3537.010009765625
2020-11-13,16317.80859375,3585.14990234375
2020-11-16,16716.111328125,3626.909912109375
2020-11-17,17645.40625,3609.530029296875
2020-11-18,17804.005859375,3567.7900390625
2020-11-19,17817.08984375,3581.8701171875
2020-11-20,18621.314453125,3557.5400390625
2020-11-23,18364.12109375,3577.590087890625
2020-11-24,19107.46484375,3635.409912109375
2020-11-25,18732.12109375,3629.64990234375
2020-11-27,17108.40234375,3638.35009765625
2020-11-30,19625.8359375,3621.6298828125
2020-12-01,18802.998046875,3662.449951171875
2020-12-02,19201.091796875,3669.010009765625
2020-12-03,19445.3984375,3666.719970703125
2020-12-04,18699.765625,3699.1201171875
2020-12-07,19191.630859375,3691.9599609375
2020-12-08,18321.14453125,3702.25
2020-12-09,18553.916015625,3672.820068359375
2020-12-10,18264.9921875,3668.10009765625
2020-12-11,18058.904296875,3663.4599609375
2020-12-14,19246.64453125,3647.489990234375
2020-12-15,19417.076171875,3694.6201171875
2020-12-16,21310.59765625,3701.169921875
2020-12-17,22805.162109375,3722.47998046875
2020-12-18,23137.9609375,3709.409912109375
2020-12-21,22803.08203125,3694.919921875
2020-12-22,23783.029296875,3687.260009765625
2020-12-23,23241.345703125,3690.010009765625
2020-12-24,23735.94921875,3703.06005859375
2020-12-28,27084.80859375,3735.360107421875
2020-12-29,27362.4375,3727.0400390625
2020-12-30,28840.953125,3732.0400390625
2020-12-31,29001.720703125,3756.070068359375
2021-01-04,31971.9140625,3700.64990234375
2021-01-05,33992.4296875,3726.860107421875
2021-01-06,36824.36328125,3748.139892578125
2021-01-07,39371.04296875,3803.7900390625
2021-01-08,40797.609375,3824.679931640625
2021-01-11,35566.65625,3799.610107421875
2021-01-12,33922.9609375,3801.18994140625
2021-01-13,37316.359375,3809.840087890625
2021-01-14,39187.328125,3795.5400390625
2021-01-15,36825.3671875,3768.25
2021-01-19,36069.8046875,3798.909912109375
2021-01-20,35547.75,3851.85009765625
2021-01-21,30825.69921875,3853.070068359375
2021-01-22,33005.76171875,3841.469970703125
2021-01-25,32366.392578125,3855.360107421875
2021-01-26,32569.849609375,3849.6201171875
2021-01-27,30432.546875,3750.77001953125
2021-01-28,33466.09765625,3787.3798828125
2021-01-29,34316.38671875,3714.239990234375
2021-02-01,33537.17578125,3773.860107421875
2021-02-02,35510.2890625,3826.31005859375
2021-02-03,37472.08984375,3830.169921875
2021-02-04,36926.06640625,3871.739990234375
2021-02-05,38144.30859375,3886.830078125
2021-02-08,46196.46484375,3915.590087890625
2021-02-09,46481.10546875,3911.22998046875
2021-02-10,44918.18359375,3909.8798828125
2021-02-11,47909.33203125,3916.3798828125
2021-02-12,47504.8515625,3934.830078125
2021-02-16,49199.87109375,3932.590087890625
2021-02-17,52149.0078125,3931.330078125
2021-02-18,51679.796875,3913.969970703125
2021-02-19,55888.1328125,3906.7099609375
2021-02-22,54207.3203125,3876.5
2021-02-23,48824.42578125,3881.3701171875
2021-02-24,49705.33203125,3925.429931640625
2021-02-25,47093.8515625,3829.340087890625
2021-02-26,46339.76171875,3811.14990234375
2021-03-01,49631.2421875,3901.820068359375
2021-03-02,48378.98828125,3870.2900390625
2021-03-03,50538.2421875,3819.719970703125
2021-03-04,48561.16796875,3768.469970703125
2021-03-05,48927.3046875,3841.93994140625
2021-03-08,52246.5234375,3821.35009765625
2021-03-09,54824.1171875,3875.43994140625
2021-03-10,56008.55078125,3898.81005859375
2021-03-11,57805.12109375,3939.340087890625
2021-03-12,57332.08984375,3943.340087890625
2021-03-15,55907.19921875,3968.93994140625
2021-03-16,56804.90234375,3962.7099609375
2021-03-17,58870.89453125,3974.1201171875
2021-03-18,57858.921875,3915.4599609375
2021-03-19,58346.65234375,3913.10009765625
2021-03-22,54529.14453125,3940.590087890625
2021-03-23,54738.9453125,3910.52001953125
2021-03-24,52774.265625,3889.139892578125
2021-03-25,51704.16015625,3909.52001953125
2021-03-26,55137.3125,3974.5400390625
2021-03-29,57750.19921875,3971.090087890625
2021-03-30,58917.69140625,3958.550048828125
2021-03-31,58918.83203125,3972.889892578125
2021-04-01,59095.80859375,4019.8701171875
2021-04-05,59057.87890625,4077.909912109375
2021-04-06,58192.359375,4073.93994140625
2021-04-07,56048.9375,4079.949951171875
2021-04-08,58323.953125,4097.169921875
2021-04-09,58245.00390625,4128.7998046875
2021-04-12,59893.453125,4127.990234375
2021-04-13,63503.45703125,4141.58984375
2021-04-14,63109.6953125,4124.66015625
2021-04-15,63314.01171875,4170.419921875
2021-04-16,61572.7890625,4185.47021484375
2021-04-19,55724.265625,4163.259765625
2021-04-20,56473.03125,4134.93994140625
2021-04-21,53906.08984375,4173.419921875
2021-04-22,51762.2734375,4134.97998046875
2021-04-23,51093.65234375,4180.169921875
2021-04-26,54021.75390625,4187.6201171875
2021-04-27,55033.1171875,4186.72021484375
2021-04-28,54824.703125,4183.18017578125
2021-04-29,53555.109375,4211.47021484375
2021-04-30,57750.17578125,4181.169921875
2021-05-03,57200.29296875,4192.66015625
2021-05-04,53333.5390625,4164.66015625
2021-05-05,57424.0078125,4167.58984375
2021-05-06,56396.515625,4201.6201171875
2021-05-07,57356.40234375,4232.60009765625
2021-05-10,55859.796875,4188.43017578125
2021-05-11,56704.57421875,4152.10009765625
2021-05-12,49150.53515625,4063.0400390625
2021-05-13,49716.19140625,4112.5
2021-05-14,49880.53515625,4173.85009765625
2021-05-17,43537.51171875,4163.2900390625
2021-05-18,42909.40234375,4127.830078125
2021-05-19,37002.44140625,4115.68017578125
2021-05-20,40782.73828125,4159.1201171875
2021-05-21,37304.69140625,4155.85986328125
2021-05-24,38705.98046875,4197.0498046875
2021-05-25,38402.22265625,4188.1298828125
2021-05-26,39294.19921875,4195.990234375
2021-05-27,38436.96875,4200.8798828125
2021-05-28,35697.60546875,4204.10986328125
2021-06-01,36684.92578125,4202.0400390625
2021-06-02,37575.1796875,4208.1201171875
2021-06-03,39208.765625,4192.85009765625
2021-06-04,36894.40625,4229.89013671875
2021-06-07,33560.70703125,4226.52001953125
2021-06-08,33472.6328125,4227.259765625
2021-06-09,37345.12109375,4219.5498046875
2021-06-10,36702.59765625,4239.18017578125
2021-06-11,37334.3984375,4247.43994140625
2021-06-14,40218.4765625,4255.14990234375
2021-06-15,40406.26953125,4246.58984375
2021-06-16,38347.0625,4223.7001953125
2021-06-17,38053.50390625,4221.85986328125
2021-06-18,35787.24609375,4166.4501953125
2021-06-21,31676.693359375,4224.7900390625
2021-06-22,32505.66015625,4246.43994140625
2021-06-23,33723.02734375,4241.83984375
2021-06-24,34662.4375,4266.490234375
2021-06-25,31637.779296875,4280.7001953125
2021-06-28,34434.3359375,4290.60986328125
2021-06-29,35867.77734375,4291.7998046875
2021-06-30,35040.8359375,4297.5
2021-07-01,33572.1171875,4319.93994140625
2021-07-02,33897.046875,4352.33984375
2021-07-06,34235.1953125,4343.5400390625
2021-07-07,33855.328125,4358.1298828125
2021-07-08,32877.37109375,4320.81982421875
2021-07-09,33798.01171875,4369.5498046875
2021-07-12,33155.84765625,4384.6298828125
2021-07-13,32702.025390625,4369.2099609375
2021-07-14,32822.34765625,4374.2998046875
2021-07-15,31780.73046875,4360.02978515625
2021-07-16,31421.5390625,4327.16015625
2021-07-19,30817.83203125,4258.490234375
2021-07-20,29807.34765625,4323.06005859375
2021-07-21,32110.693359375,4358.68994140625
2021-07-22,32313.10546875,4367.47998046875
2021-07-23,33581.55078125,4411.7900390625
2021-07-26,37337.53515625,4422.2998046875
2021-07-27,39406.94140625,4401.4599609375
2021-07-28,39995.90625,4400.64013671875
2021-07-29,40008.421875,4419.14990234375
2021-07-30,42235.546875,4395.259765625
2021-08-02,39201.9453125,4387.16015625
2021-08-03,38152.98046875,4423.14990234375
2021-08-04,39747.50390625,4402.66015625
2021-08-05,40869.5546875,4429.10009765625
2021-08-06,42816.5,4436.52001953125
2021-08-09,46365.40234375,4432.35009765625
2021-08-10,45585.03125,4436.75
2021-08-11,45593.63671875,4442.41015625
2021-08-12,44428.2890625,4460.830078125
2021-08-13,47793.3203125,4468.0
2021-08-16,46004.484375,4479.7099609375
2021-08-17,44695.359375,4448.080078125
2021-08-18,44801.1875,4400.27001953125
2021-08-19,46717.578125,4405.7998046875
2021-08-20,49339.17578125,4441.669921875
2021-08-23,49546.1484375,4479.52978515625
2021-08-24,47706.1171875,4486.22998046875
2021-08-25,48960.7890625,4496.18994140625
2021-08-26,46942.21875,4470.0
2021-08-27,49058.66796875,4509.3701171875
2021-08-30,47054.984375,4528.7900390625
2021-08-31,47166.6875,4522.68017578125
2021-09-01,48847.02734375,4524.08984375
2021-09-02,49327.72265625,4536.9501953125
2021-09-03,50025.375,4535.43017578125
2021-09-07,46811.12890625,4520.02978515625
2021-09-08,46091.390625,4514.06982421875
2021-09-09,46391.421875,4493.27978515625
2021-09-10,44883.91015625,4458.580078125
2021-09-13,44963.07421875,4468.72998046875
2021-09-14,47092.4921875,4443.0498046875
2021-09-15,48176.34765625,4480.7001953125
2021-09-16,47783.359375,4473.75
2021-09-17,47267.51953125,4432.990234375
2021-09-20,42843.80078125,4357.72998046875
2021-09-21,40693.67578125,4354.18994140625
2021-09-22,43574.5078125,4395.64013671875
2021-09-23,44895.09765625,4448.97998046875
2021-09-24,42839.75,4455.47998046875
2021-09-27,42235.73046875,4443.10986328125
2021-09-28,41034.54296875,4352.6298828125
2021-09-29,41564.36328125,4359.4599609375
2021-09-30,43790.89453125,4307.5400390625
2021-10-01,48116.94140625,4357.0400390625
2021-10-04,49112.90234375,4300.4599609375
2021-10-05,51514.8125,4345.72021484375
2021-10-06,55361.44921875,4363.5498046875
2021-10-07,53805.984375,4399.759765625
2021-10-08,53967.84765625,4391.33984375
2021-10-11,57484.7890625,4361.18994140625
2021-10-12,56041.05859375,4350.64990234375
2021-10-13,57401.09765625,4363.7998046875
2021-10-14,57321.5234375,4438.259765625
2021-10-15,61593.94921875,4471.3701171875
2021-10-18,62026.078125,4486.4599609375
2021-10-19,64261.9921875,4519.6298828125
2021-10-20,65992.8359375,4536.18994140625
2021-10-21,62210.171875,4549.77978515625
2021-10-22,60692.265625,4544.89990234375
2021-10-25,63039.82421875,4566.47998046875
2021-10-26,60363.79296875,4574.7900390625
2021-10-27,58482.38671875,4551.68017578125
2021-10-28,60622.13671875,4596.419921875
2021-10-29,62227.96484375,4605.3798828125
2021-11-01,61004.40625,4613.669921875
2021-11-02,63226.40234375,4630.64990234375
2021-11-03,62970.046875,4660.56982421875
2021-11-04,61452.23046875,4680.06005859375
2021-11-05,61125.67578125,4697.52978515625
2021-11-08,67566.828125,4701.7001953125
2021-11-09,66971.828125,4685.25
2021-11-10,64995.23046875,4646.7099609375
2021-11-11,64949.9609375,4649.27001953125
2021-11-12,64155.94140625,4682.85009765625
2021-11-15,63557.87109375,4682.7998046875
2021-11-16,60161.24609375,4700.89990234375
2021-11-17,60368.01171875,4688.669921875
2021-11-18,56942.13671875,4704.5400390625
2021-11-19,58119.578125,4697.9599609375
2021-11-22,56289.2890625,4682.93994140625
2021-11-23,57569.07421875,4690.7001953125
2021-11-24,56280.42578125,4701.4599609375
2021-11-26,53569.765625,4594.6201171875
2021-11-29,57806.56640625,4655.27001953125
2021-11-30,57005.42578125,4567.0
2021-12-01,57229.828125,4513.0400390625
2021-12-02,56477.81640625,4577.10009765625
2021-12-03,53598.24609375,4538.43017578125
2021-12-06,50582.625,4591.669921875
2021-12-07,50700.0859375,4686.75
2021-12-08,50504.796875,4701.2099609375
2021-12-09,47672.12109375,4667.4501953125
2021-12-10,47243.3046875,4712.02001953125
2021-12-13,46737.48046875,4668.97021484375
2021-12-14,46612.6328125,4634.08984375
2021-12-15,48896.72265625,4709.85009765625
2021-12-16,47665.42578125,4668.669921875
2021-12-17,46202.14453125,4620.64013671875
2021-12-20,46880.27734375,4568.02001953125
2021-12-21,48936.61328125,4649.22998046875
2021-12-22,48628.51171875,4696.56005859375
2021-12-23,50784.5390625,4725.7900390625
2021-12-27,50640.41796875,4791.18994140625
2021-12-28,47588.85546875,4786.35009765625
2021-12-29,46444.7109375,4793.06005859375
2021-12-30,47178.125,4778.72998046875
2021-12-31,46306.4453125,4766.18017578125
2022-01-03,46458.1171875,4796.56005859375
2022-01-04,45897.57421875,4793.5400390625
2022-01-05,43569.00390625,4700.580078125
2022-01-06,43160.9296875,4696.0498046875
2022-01-07,41557.90234375,4677.02978515625
2022-01-10,41821.26171875,4670.2900390625
2022-01-11,42735.85546875,4713.06982421875
2022-01-12,43949.1015625,4726.35009765625
2022-01-13,42591.5703125,4659.02978515625
2022-01-14,43099.69921875,4662.85009765625
2022-01-18,42375.6328125,4577.10986328125
2022-01-19,41744.328125,4532.759765625
2022-01-20,40680.41796875,4482.72998046875
2022-01-21,36457.31640625,4397.93994140625
2022-01-24,36654.328125,4410.1298828125
2022-01-25,36954.00390625,4356.4501953125
2022-01-26,36852.12109375,4349.93017578125
2022-01-27,37138.234375,4326.509765625
2022-01-28,37784.33203125,4431.85009765625
2022-01-31,38483.125,4515.5498046875
2022-02-01,38743.2734375,4546.5400390625
2022-02-02,36952.984375,4589.3798828125
2022-02-03,37154.6015625,4477.43994140625
2022-02-04,41500.875,4500.52978515625
2022-02-07,43840.28515625,4483.8701171875
2022-02-08,44118.4453125,4521.5400390625
2022-02-09,44338.796875,4587.18017578125
2022-02-10,43565.11328125,4504.080078125
2022-02-11,42407.9375,4418.64013671875
2022-02-14,42586.91796875,4401.669921875
2022-02-15,44575.203125,4471.06982421875
2022-02-16,43961.859375,4475.009765625
2022-02-17,40538.01171875,4380.259765625
2022-02-18,40030.9765625,4348.8701171875
2022-02-22,38286.02734375,4304.759765625
2022-02-23,37296.5703125,4225.5
2022-02-24,38332.609375,4288.7001953125
2022-02-25,39214.21875,4384.64990234375
2022-02-28,43193.234375,4373.93994140625
2022-03-01,44354.63671875,4306.259765625
2022-03-02,43924.1171875,4386.5400390625
2022-03-03,42451.7890625,4363.490234375
2022-03-04,39137.60546875,4328.8701171875
2022-03-07,38062.0390625,4201.08984375
2022-03-08,38737.26953125,4170.7001953125
2022-03-09,41982.92578125,4277.8798828125
2022-03-10,39437.4609375,4259.52001953125
2022-03-11,38794.97265625,4204.31005859375
2022-03-14,39666.75390625,4173.10986328125
2022-03-15,39338.78515625,4262.4501953125
2022-03-16,41143.9296875,4357.85986328125
2022-03-17,40951.37890625,4411.669921875
2022-03-18,41801.15625,4463.1201171875
2022-03-21,41077.99609375,4461.18017578125
2022-03-22,42358.80859375,4511.60986328125
2022-03-23,42892.95703125,4456.240234375
2022-03-24,43960.93359375,4520.16015625
2022-03-25,44348.73046875,4543.06005859375
2022-03-28,47128.00390625,4575.52001953125
2022-03-29,47465.73046875,4631.60009765625
2022-03-30,47062.6640625,4602.4501953125
2022-03-31,45538.67578125,4530.41015625
2022-04-01,46281.64453125,4545.85986328125
2022-04-04,46622.67578125,4582.64013671875
2022-04-05,45555.9921875,4525.1201171875
2022-04-06,43206.73828125,4481.14990234375
2022-04-07,43503.84765625,4500.2099609375
2022-04-08,42287.6640625,4488.27978515625
2022-04-11,39521.90234375,4412.52978515625
2022-04-12,40127.18359375,4397.4501953125
2022-04-13,41166.73046875,4446.58984375
2022-04-14,39935.515625,4392.58984375
2022-04-18,40826.21484375,4391.68994140625
2022-04-19,41502.75,4462.2099609375
2022-04-20,41374.37890625,4459.4501953125
2022-04-21,40527.36328125,4393.66015625
2022-04-22,39740.3203125,4271.77978515625
2022-04-25,40458.30859375,4296.1201171875
2022-04-26,38117.4609375,4175.2001953125
2022-04-27,39241.12109375,4183.9599609375
2022-04-28,39773.828125,4287.5
2022-04-29,38609.82421875,4131.93017578125
2022-05-02,38529.328125,4155.3798828125
2022-05-03,37750.453125,4175.47998046875
2022-05-04,39698.37109375,4300.169921875
2022-05-05,36575.140625,4146.8701171875
2022-05-06,36040.921875,4123.33984375
2022-05-09,30296.953125,3991.239990234375
2022-05-10,31022.90625,4001.050048828125
2022-05-11,28936.35546875,3935.179931640625
2022-05-12,29047.751953125,3930.080078125
2022-05-13,29283.103515625,4023.889892578125
2022-05-16,29862.91796875,4008.010009765625
2022-05-17,30425.857421875,4088.85009765625
2022-05-18,28720.271484375,3923.679931640625
2022-05-19,30314.333984375,3900.7900390625
2022-05-20,29200.740234375,3901.360107421875
2022-05-23,29098.91015625,3973.75
2022-05-24,29655.5859375,3941.47998046875
2022-05-25,29562.361328125,3978.72998046875
2022-05-26,29267.224609375,4057.840087890625
2022-05-27,28627.57421875,4158.240234375
2022-05-31,31792.310546875,4132.14990234375
2022-06-01,29799.080078125,4101.22998046875
2022-06-02,30467.48828125,4176.81982421875
2022-06-03,29704.390625,4108.5400390625
2022-06-06,31370.671875,4121.43017578125
2022-06-07,31155.478515625,4160.68017578125
2022-06-08,30214.35546875,4115.77001953125
2022-06-09,30111.998046875,4017.820068359375
2022-06-10,29083.8046875,3900.860107421875
2022-06-13,22487.388671875,3749.6298828125
2022-06-14,22206.79296875,3735.47998046875
2022-06-15,22572.83984375,3789.989990234375
2022-06-16,20381.650390625,3666.77001953125
2022-06-17,20471.482421875,3674.840087890625
2022-06-21,20710.59765625,3764.7900390625
2022-06-22,19987.029296875,3759.889892578125
2022-06-23,21085.876953125,3795.72998046875
2022-06-24,21231.65625,3911.739990234375
2022-06-27,20735.478515625,3900.110107421875
2022-06-28,20280.634765625,3821.550048828125
2022-06-29,20104.0234375,3818.830078125
2022-06-30,19784.7265625,3785.3798828125
2022-07-01,19269.3671875,3825.330078125
2022-07-05,20190.115234375,3831.389892578125
2022-07-06,20548.24609375,3845.080078125
2022-07-07,21637.587890625,3902.6201171875
2022-07-08,21731.1171875,3899.3798828125
2022-07-11,19970.556640625,3854.429931640625
2022-07-12,19323.9140625,3818.800048828125
2022-07-13,20212.07421875,3801.780029296875
2022-07-14,20569.919921875,3790.3798828125
2022-07-15,20836.328125,3863.159912109375
2022-07-18,22485.689453125,3830.85009765625
2022-07-19,23389.43359375,3936.68994140625
2022-07-20,23231.732421875,3959.89990234375
2022-07-21,23164.62890625,3998.949951171875
2022-07-22,22714.978515625,3961.6298828125
2022-07-25,21361.701171875,3966.840087890625
2022-07-26,21239.75390625,3921.050048828125
2022-07-27,22930.548828125,4023.610107421875
2022-07-28,23843.88671875,4072.429931640625
2022-07-29,23804.6328125,4130.2900390625
2022-08-01,23314.19921875,4118.6298828125
2022-08-02,22978.1171875,4091.18994140625
2022-08-03,22846.5078125,4155.169921875
2022-08-04,22630.95703125,4151.93994140625
2022-08-05,23289.314453125,4145.18994140625
2022-08-08,23809.486328125,4140.06005859375
2022-08-09,23164.318359375,4122.47021484375
2022-08-10,23947.642578125,4210.240234375
2022-08-11,23957.529296875,4207.27001953125
2022-08-12,24402.818359375,4280.14990234375
2022-08-15,24136.97265625,4297.14013671875
2022-08-16,23883.291015625,4305.2001953125
2022-08-17,23335.998046875,4274.0400390625
2022-08-18,23212.73828125,4283.740234375
2022-08-19,20877.552734375,4228.47998046875
2022-08-22,21398.908203125,4137.990234375
2022-08-23,21528.087890625,4128.72998046875
2022-08-24,21395.01953125,4140.77001953125
2022-08-25,21600.904296875,4199.1201171875
2022-08-26,20260.01953125,4057.659912109375
2022-08-29,20297.994140625,4030.610107421875
2022-08-30,19796.80859375,3986.159912109375
2022-08-31,20049.763671875,3955.0
2022-09-01,20127.140625,3966.85009765625
2022-09-02,19969.771484375,3924.260009765625
2022-09-06,18837.66796875,3908.18994140625
2022-09-07,19290.32421875,3979.8701171875
2022-09-08,19329.833984375,4006.179931640625
2022-09-09,21381.15234375,4067.360107421875
2022-09-12,22370.44921875,4110.41015625
2022-09-13,20296.70703125,3932.68994140625
2022-09-14,20241.08984375,3946.010009765625
2022-09-15,19701.2109375,3901.35009765625
2022-09-16,19772.583984375,3873.330078125
2022-09-19,19544.12890625,3899.889892578125
2022-09-20,18890.7890625,3855.929931640625
2022-09-21,18547.400390625,3789.929931640625
2022-09-22,19413.55078125,3757.989990234375
2022-09-23,19297.638671875,3693.22998046875
2022-09-26,19222.671875,3655.0400390625
2022-09-27,19110.546875,3647.2900390625
2022-09-28,19426.720703125,3719.0400390625
2022-09-29,19573.05078125,3640.469970703125
2022-09-30,19431.7890625,3585.6201171875
2022-10-03,19623.580078125,3678.429931640625
2022-10-04,20336.84375,3790.929931640625
2022-10-05,20160.716796875,3783.280029296875
2022-10-06,19955.443359375,3744.52001953125
2022-10-07,19546.849609375,3639.659912109375
2022-10-10,19141.484375,3612.389892578125
2022-10-11,19051.41796875,3588.840087890625
2022-10-12,19157.4453125,3577.030029296875
2022-10-13,19382.904296875,3669.909912109375
2022-10-14,19185.65625,3583.070068359375
2022-10-17,19550.7578125,3677.949951171875
2022-10-18,19334.416015625,3719.97998046875
2022-10-19,19139.53515625,3695.159912109375
2022-10-20,19053.740234375,3665.780029296875
2022-10-21,19172.46875,3752.75
2022-10-24,19345.572265625,3797.340087890625
2022-10-25,20095.857421875,3859.110107421875
2022-10-26,20770.44140625,3830.60009765625
2022-10-27,20285.8359375,3807.300048828125
2022-10-28,20595.3515625,3901.06005859375
2022-10-31,20495.7734375,3871.97998046875
2022-11-01,20485.2734375,3856.10009765625
2022-11-02,20159.50390625,3759.68994140625
2022-11-03,20209.98828125,3719.889892578125
2022-11-04,21147.23046875,3770.550048828125
2022-11-07,20602.81640625,3806.800048828125
2022-11-08,18541.271484375,3828.110107421875
2022-11-09,15880.7802734375,3748.570068359375
2022-11-10,17586.771484375,3956.3701171875
2022-11-11,17034.29296875,3992.929931640625
2022-11-14,16618.19921875,3957.25
2022-11-15,16884.61328125,3991.72998046875
2022-11-16,16669.439453125,3958.7900390625
2022-11-17,16687.517578125,3946.56005859375
2022-11-18,16697.77734375,3965.340087890625
2022-11-21,15787.2841796875,3949.93994140625
2022-11-22,16189.76953125,4003.580078125
2022-11-23,16610.70703125,4027.260009765625
2022-11-25,16521.841796875,4026.1201171875
2022-11-28,16217.322265625,3963.93994140625
2022-11-29,16444.982421875,3957.6298828125
2022-11-30,17168.56640625,4080.110107421875
2022-12-01,16967.1328125,4076.570068359375
2022-12-02,17088.66015625,4071.699951171875
2022-12-05,16974.826171875,3998.840087890625
2022-12-06,17089.50390625,3941.260009765625
2022-12-07,16848.126953125,3933.919921875
2022-12-08,17233.474609375,3963.510009765625
2022-12-09,17133.15234375,3934.3798828125
2022-12-12,17206.4375,3990.56005859375
2022-12-13,17781.318359375,4019.64990234375
2022-12-14,17815.650390625,3995.320068359375
2022-12-15,17364.865234375,3895.75
2022-12-16,16647.484375,3852.360107421875
2022-12-19,16439.6796875,3817.659912109375
2022-12-20,16906.3046875,3821.6201171875
2022-12-21,16817.53515625,3878.43994140625
2022-12-22,16830.341796875,3822.389892578125
2022-12-23,16796.953125,3844.820068359375
2022-12-27,16717.173828125,3829.25
2022-12-28,16552.572265625,3783.219970703125
2022-12-29,16642.341796875,3849.280029296875
2022-12-30,16602.5859375,3839.5
2023-01-03,16679.857421875,3824.139892578125
2023-01-04,16863.23828125,3852.969970703125
2023-01-05,16836.736328125,3808.10009765625
2023-01-06,16951.96875,3895.080078125
2023-01-09,17196.5546875,3892.090087890625
2023-01-10,17446.29296875,3919.25
2023-01-11,17934.896484375,3969.610107421875
2023-01-12,18869.587890625,3983.169921875
2023-01-13,19909.57421875,3999.090087890625
2023-01-17,21161.51953125,3990.969970703125
2023-01-18,20688.78125,3928.860107421875
2023-01-19,21086.79296875,3898.85009765625
2023-01-20,22676.552734375,3972.610107421875
2023-01-23,22934.431640625,4019.81005859375
2023-01-24,22636.46875,4016.949951171875
2023-01-25,23117.859375,4016.219970703125
2023-01-26,23032.77734375,4060.429931640625
2023-01-27,23078.728515625,4070.56005859375
2023-01-30,22840.138671875,4017.77001953125
2023-01-31,23139.283203125,4076.60009765625
2023-02-01,23723.76953125,4119.2099609375
2023-02-02,23471.87109375,4179.759765625
2023-02-03,23449.322265625,4136.47998046875
2023-02-06,22760.109375,4111.080078125
2023-02-07,23264.291015625,4164.0
2023-02-08,22939.3984375,4117.85986328125
2023-02-09,21819.0390625,4081.5
2023-02-10,21651.18359375,4090.4599609375
2023-02-13,21808.1015625,4137.2900390625
2023-02-14,22220.8046875,4136.1298828125
2023-02-15,24307.841796875,4147.60009765625
2023-02-16,23623.474609375,4090.409912109375
2023-02-17,24565.6015625,4079.090087890625
2023-02-21,24436.353515625,3997.340087890625
2023-02-22,24188.84375,3991.050048828125
2023-02-23,23947.4921875,4012.320068359375
2023-02-24,23198.126953125,3970.0400390625
2023-02-27,23522.87109375,3982.239990234375
2023-02-28,23147.353515625,3970.14990234375
2023-03-01,23646.55078125,3951.389892578125
2023-03-02,23475.466796875,3981.35009765625
2023-03-03,22362.6796875,4045.639892578125
2023-03-06,22429.7578125,4048.419921875
2023-03-07,22219.76953125,3986.3701171875
2023-03-08,21718.080078125,3992.010009765625
2023-03-09,20363.021484375,3918.320068359375
2023-03-10,20187.244140625,3861.590087890625
2023-03-13,24197.533203125,3855.760009765625
2023-03-14,24746.07421875,3919.2900390625
2023-03-15,24375.9609375,3891.929931640625
2023-03-16,25052.7890625,3960.280029296875
2023-03-17,27423.9296875,3916.639892578125
2023-03-20,27767.236328125,3951.570068359375
2023-03-21,28175.81640625,4002.8701171875
2023-03-22,27307.4375,3936.969970703125
2023-03-23,28333.97265625,3948.719970703125
2023-03-24,27493.28515625,3970.989990234375
2023-03-27,27139.888671875,3977.530029296875
2023-03-28,27268.130859375,3971.27001953125
2023-03-29,28348.44140625,4027.81005859375
2023-03-30,28033.5625,4050.830078125
2023-03-31,28478.484375,4109.31005859375
2023-04-03,27790.220703125,4124.509765625
2023-04-04,28168.08984375,4100.60009765625
2023-04-05,28177.984375,4090.3798828125
2023-04-06,28044.140625,4105.02001953125
2023-04-10,29652.98046875,4109.10986328125
2023-04-11,30235.05859375,4108.93994140625
2023-04-12,30139.052734375,4091.949951171875
2023-04-13,30399.06640625,4146.22021484375
2023-04-14,30485.69921875,4137.64013671875
2023-04-17,29445.044921875,4151.31982421875
2023-04-18,30397.552734375,4154.8701171875
2023-04-19,28822.6796875,4154.52001953125
2023-04-20,28245.98828125,4129.7900390625
2023-04-21,27276.91015625,4133.52001953125
2023-04-24,27525.33984375,4137.0400390625
2023-04-25,28307.59765625,4071.6298828125
2023-04-26,28422.701171875,4055.989990234375
2023-04-27,29473.787109375,4135.35009765625
2023-04-28,29340.26171875,4169.47998046875
2023-05-01,28091.568359375,4167.8701171875
2023-05-02,28680.537109375,4119.580078125
2023-05-03,29006.30859375,4090.75
2023-05-04,28847.7109375,4061.219970703125
2023-05-05,29534.384765625,4136.25
2023-05-08,27694.2734375,4138.1201171875
2023-05-09,27658.775390625,4119.169921875
2023-05-10,27621.755859375,4137.64013671875
2023-05-11,27000.7890625,4130.6201171875
2023-05-12,26804.990234375,4124.080078125
2023-05-15,27192.693359375,4136.27978515625
2023-05-16,27036.650390625,4109.89990234375
2023-05-17,27398.802734375,4158.77001953125
2023-05-18,26832.208984375,4198.0498046875
2023-05-19,26890.12890625,4191.97998046875
2023-05-22,26851.27734375,4192.6298828125
2023-05-23,27225.7265625,4145.580078125
2023-05-24,26334.818359375,4115.240234375
2023-05-25,26476.20703125,4151.27978515625
2023-05-26,26719.291015625,4205.4501953125
2023-05-30,27702.349609375,4205.52001953125
2023-05-31,27219.658203125,4179.830078125
2023-06-01,26819.97265625,4221.02001953125
2023-06-02,27249.58984375,4282.3701171875
2023-06-05,25760.09765625,4273.7900390625
2023-06-06,27238.783203125,4283.85009765625
2023-06-07,26345.998046875,4267.52001953125
2023-06-08,26508.216796875,4293.93017578125
2023-06-09,26480.375,4298.85986328125
2023-06-12,25902.5,4338.93017578125
2023-06-13,25918.728515625,4369.009765625
2023-06-14,25124.67578125,4372.58984375
2023-06-15,25576.39453125,4425.83984375
2023-06-16,26327.462890625,4409.58984375
2023-06-20,28327.48828125,4388.7099609375
2023-06-21,30027.296875,4365.68994140625
2023-06-22,29912.28125,4381.89013671875
2023-06-23,30695.46875,4348.330078125
2023-06-26,30271.130859375,4328.81982421875
2023-06-27,30688.1640625,4378.41015625
2023-06-28,30086.24609375,4376.85986328125
2023-06-29,30445.3515625,4396.43994140625
2023-06-30,30477.251953125,4450.3798828125
2023-07-03,31156.439453125,4455.58984375
2023-07-05,30514.166015625,4446.81982421875
2023-07-06,29909.337890625,4411.58984375
2023-07-07,30342.265625,4398.9501953125
2023-07-10,30414.470703125,4409.52978515625
2023-07-11,30620.951171875,4439.259765625
2023-07-12,30391.646484375,4472.16015625
2023-07-13,31476.048828125,4510.0400390625
2023-07-14,30334.068359375,4505.419921875
2023-07-17,30145.888671875,4522.7900390625
2023-07-18,29856.5625,4554.97998046875
2023-07-19,29913.923828125,4565.72021484375
2023-07-20,29792.015625,4534.8701171875
2023-07-21,29908.744140625,4536.33984375
2023-07-24,29176.916015625,4554.64013671875
2023-07-25,29227.390625,4567.4599609375
2023-07-26,29354.97265625,4566.75
2023-07-27,29210.689453125,4537.41015625
2023-07-28,29319.24609375,4582.22998046875
2023-07-31,29230.111328125,4588.9599609375
2023-08-01,29675.732421875,4576.72998046875
2023-08-02,29151.958984375,4513.39013671875
2023-08-03,29178.6796875,4501.89013671875
2023-08-04,29074.091796875,4478.02978515625
2023-08-07,29180.578125,4518.43994140625
2023-08-08,29765.4921875,4499.3798828125
2023-08-09,29561.494140625,4467.7099609375
2023-08-10,29429.591796875,4468.830078125
2023-08-11,29397.71484375,4464.0498046875
2023-08-14,29408.443359375,4489.72021484375
2023-08-15,29170.34765625,4437.85986328125
2023-08-16,28701.779296875,4404.330078125
2023-08-17,26664.55078125,4370.35986328125
2023-08-18,26049.556640625,4369.7099609375
2023-08-21,26124.140625,4399.77001953125
2023-08-22,26031.65625,4387.5498046875
2023-08-23,26431.640625,4436.009765625
2023-08-24,26162.373046875,4376.31005859375
2023-08-25,26047.66796875,4405.7099609375
2023-08-28,26106.150390625,4433.31005859375
2023-08-29,27727.392578125,4497.6298828125
2023-08-30,27297.265625,4514.8701171875
2023-08-31,25931.47265625,4507.66015625
2023-09-01,25800.724609375,4515.77001953125
2023-09-05,25779.982421875,4496.830078125
2023-09-06,25753.236328125,4465.47998046875
2023-09-07,26240.1953125,4451.14013671875
2023-09-08,25905.654296875,4457.490234375
2023-09-11,25162.654296875,4487.4599609375
2023-09-12,25833.34375,4461.89990234375
2023-09-13,26228.32421875,4467.43994140625
2023-09-14,26539.673828125,4505.10009765625
2023-09-15,26608.693359375,4450.31982421875
2023-09-18,26754.28125,4453.52978515625
2023-09-19,27211.1171875,4443.9501953125
2023-09-20,27132.0078125,4402.2001953125
2023-09-21,26567.6328125,4330.0
2023-09-22,26579.568359375,4320.06005859375
2023-09-25,26298.48046875,4337.43994140625
2023-09-26,26217.25,4273.52978515625
2023-09-27,26352.716796875,4274.509765625
2023-09-28,27021.546875,4299.7001953125
2023-09-29,26911.720703125,4288.0498046875
2023-10-02,27530.78515625,4288.39013671875
2023-10-03,27429.978515625,4229.4501953125
2023-10-04,27799.39453125,4263.75
2023-10-05,27415.912109375,4258.18994140625
2023-10-06,27946.59765625,4308.5
2023-10-09,27583.677734375,4335.66015625
2023-10-10,27391.01953125,4358.240234375
2023-10-11,26873.3203125,4376.9501953125
2023-10-12,26756.798828125,4349.60986328125
2023-10-13,26862.375,4327.77978515625
2023-10-16,28519.466796875,4373.6298828125
2023-10-17,28415.748046875,4373.2001953125
2023-10-18,28328.341796875,4314.60009765625
2023-10-19,28719.806640625,4278.0
2023-10-20,29682.94921875,4224.16015625
2023-10-23,33086.234375,4217.0400390625
2023-10-24,33901.52734375,4247.68017578125
2023-10-25,34502.8203125,4186.77001953125
2023-10-26,34156.6484375,4137.22998046875
2023-10-27,33909.80078125,4117.3701171875
2023-10-30,34502.36328125,4166.81982421875
2023-10-31,34667.78125,4193.7998046875
2023-11-01,35437.25390625,4237.85986328125
2023-11-02,34938.2421875,4317.77978515625
2023-11-03,34732.32421875,4358.33984375
2023-11-06,35037.37109375,4365.97998046875
2023-11-07,35443.5625,4378.3798828125
2023-11-08,35655.27734375,4382.77978515625
2023-11-09,36693.125,4347.35009765625
2023-11-10,37313.96875,4415.240234375
2023-11-13,36502.35546875,4411.5498046875
2023-11-14,35537.640625,4495.7001953125
2023-11-15,37880.58203125,4502.8798828125
2023-11-16,36154.76953125,4508.240234375
2023-11-17,36596.68359375,4514.02001953125
2023-11-20,37476.95703125,4547.3798828125
2023-11-21,35813.8125,4538.18994140625
2023-11-22,37432.33984375,4556.6201171875
2023-11-24,37720.28125,4559.33984375
2023-11-27,37254.16796875,4550.43017578125
2023-11-28,37831.0859375,4554.89013671875
2023-11-29,37858.4921875,4550.580078125
2023-11-30,37712.74609375,4567.7998046875
2023-12-01,38688.75,4594.6298828125
2023-12-04,41980.09765625,4569.77978515625
2023-12-05,44080.6484375,4567.18017578125
2023-12-06,43746.4453125,4549.33984375
2023-12-07,43292.6640625,4585.58984375
2023-12-08,44166.6015625,4604.3701171875
2023-12-11,41243.83203125,4622.43994140625
2023-12-12,41450.22265625,4643.7001953125
2023-12-13,42890.7421875,4707.08984375
2023-12-14,43023.97265625,4719.5498046875
2023-12-15,41929.7578125,4719.18994140625
2023-12-18,42623.5390625,4740.56005859375
2023-12-19,42270.52734375,4768.3701171875
2023-12-20,43652.25,4698.35009765625
2023-12-21,43869.15234375,4746.75
2023-12-22,43997.90234375,4754.6298828125
2023-12-26,42520.40234375,4774.75
2023-12-27,43442.85546875,4781.580078125
2023-12-28,42627.85546875,4783.35009765625
2023-12-29,42099.40234375,4769.830078125
2024-01-02,44957.96875,4742.830078125
2024-01-03,42848.17578125,4704.81005859375
2024-01-04,44179.921875,4688.68017578125
2024-01-05,44162.69140625,4697.240234375
2024-01-08,46970.50390625,4763.5400390625
2024-01-09,46139.73046875,4756.5
2024-01-10,46627.77734375,4783.4501953125
2024-01-11,46368.5859375,4780.240234375
2024-01-12,42853.16796875,4783.830078125
2024-01-16,43154.9453125,4765.97998046875
2024-01-17,42742.65234375,4739.2099609375
2024-01-18,41262.05859375,4780.93994140625
2024-01-19,41618.40625,4839.81005859375
2024-01-22,39507.3671875,4850.43017578125
2024-01-23,39845.55078125,4864.60009765625
2024-01-24,40077.07421875,4868.5498046875
2024-01-25,39933.80859375,4894.16015625
2024-01-26,41816.87109375,4890.97021484375
2024-01-29,43288.24609375,4927.93017578125
2024-01-30,42952.609375,4924.97021484375
2024-01-31,42582.60546875,4845.64990234375
2024-02-01,43075.7734375,4906.18994140625
2024-02-02,43185.859375,4958.60986328125
2024-02-05,42658.66796875,4942.81005859375
2024-02-06,43084.671875,4954.22998046875
2024-02-07,44318.22265625,4995.06005859375
2024-02-08,45301.56640625,4997.91015625
2024-02-09,47147.19921875,5026.60986328125
2024-02-12,49958.22265625,5021.83984375
2024-02-13,49742.44140625,4953.169921875
2024-02-14,51826.6953125,5000.6201171875
2024-02-15,51938.5546875,5029.72998046875
2024-02-16,52160.203125,5005.56982421875
2024-02-20,52284.875,4975.509765625
2024-02-21,51839.1796875,4981.7998046875
2024-02-22,51304.97265625,5087.02978515625
2024-02-23,50731.94921875,5088.7998046875
2024-02-26,54522.40234375,5069.52978515625
2024-02-27,57085.37109375,5078.18017578125
2024-02-28,62504.7890625,5069.759765625
2024-02-29,61198.3828125,5096.27001953125
2024-03-01,62440.6328125,5137.080078125
2024-03-04,68330.4140625,5130.9501953125
2024-03-05,63801.19921875,5078.64990234375
2024-03-06,66106.8046875,5104.759765625
2024-03-07,66925.484375,5157.35986328125
2024-03-08,68300.09375,5123.68994140625
2024-03-11,72123.90625,5117.93994140625
2024-03-12,71481.2890625,5175.27001953125
2024-03-13,73083.5,5165.31005859375
2024-03-14,71396.59375,5150.47998046875
2024-03-15,69403.7734375,5117.08984375
2024-03-18,67548.59375,5149.419921875
2024-03-19,61912.7734375,5178.509765625
2024-03-20,67913.671875,5224.6201171875
2024-03-21,65491.390625,5241.52978515625
2024-03-22,63778.76171875,5234.18017578125
2024-03-25,69958.8125,5218.18994140625
2024-03-26,69987.8359375,5203.580078125
2024-03-27,69455.34375,5248.490234375
2024-03-28,70744.953125,5254.35009765625
2024-04-01,69702.1484375,5243.77001953125
2024-04-02,65446.97265625,5205.81005859375
2024-04-03,65980.8125,5211.490234375
2024-04-04,68508.84375,5147.2099609375
2024-04-05,67837.640625,5204.33984375
2024-04-08,71631.359375,5202.39013671875
2024-04-09,69139.015625,5209.91015625
2024-04-10,70587.8828125,5160.64013671875
2024-04-11,70060.609375,5199.06005859375
2024-04-12,67195.8671875,5123.41015625
2024-04-15,63426.2109375,5061.81982421875
2024-04-16,63811.86328125,5051.41015625
2024-04-17,61276.69140625,5022.2099609375
2024-04-18,63512.75390625,5011.1201171875
2024-04-19,63843.5703125,4967.22998046875
2024-04-22,66837.6796875,5010.60009765625
2024-04-23,66407.2734375,5070.5498046875
2024-04-24,64276.8984375,5071.6298828125
2024-04-25,64481.70703125,5048.419921875
2024-04-26,63755.3203125,5099.9599609375
2024-04-29,63841.12109375,5116.169921875
2024-04-30,60636.85546875,5035.68994140625
2024-05-01,58254.01171875,5018.39013671875
2024-05-02,59123.43359375,5064.2001953125
2024-05-03,62889.8359375,5127.7900390625
2024-05-06,63161.94921875,5180.740234375
2024-05-07,62334.81640625,5187.7001953125
2024-05-08,61187.94140625,5187.669921875
2024-05-09,63049.9609375,5214.080078125
2024-05-10,60792.77734375,5222.68017578125
2024-05-13,62901.44921875,5221.419921875
2024-05-14,61552.7890625,5246.68017578125
2024-05-15,66267.4921875,5308.14990234375
2024-05-16,65231.58203125,5297.10009765625
2024-05-17,67051.875,5303.27001953125
2024-05-20,71448.1953125,5308.1298828125
2024-05-21,70136.53125,5321.41015625
2024-05-22,69122.3359375,5307.009765625
2024-05-23,67929.5625,5267.83984375
2024-05-24,68526.1015625,5304.72021484375
2024-05-28,68296.21875,5306.0400390625
2024-05-29,67578.09375,5266.9501953125
2024-05-30,68364.9921875,5235.47998046875
2024-05-31,67491.4140625,5277.509765625
2024-06-03,68804.78125,5283.39990234375
2024-06-04,70567.765625,5291.33984375
2024-06-05,71082.8203125,5354.02978515625
2024-06-06,70757.1640625,5352.9599609375
2024-06-07,69342.5859375,5346.990234375
2024-06-10,69512.28125,5360.7900390625
2024-06-11,67332.03125,5375.31982421875
2024-06-12,68241.1875,5421.02978515625
2024-06-13,66756.3984375,5433.740234375
2024-06-14,66011.09375,5431.60009765625
2024-06-17,66490.296875,5473.22998046875
2024-06-18,65140.74609375,5487.02978515625
2024-06-20,64828.65625,5473.169921875
2024-06-21,64096.19921875,5464.6201171875
2024-06-24,60277.4140625,5447.8701171875
2024-06-25,61804.640625,5469.2998046875
2024-06-26,60811.27734375,5477.89990234375
2024-06-27,61604.80078125,5482.8701171875
2024-06-28,60320.13671875,5460.47998046875
2024-07-01,62851.98046875,5475.08984375
2024-07-02,62029.015625,5509.009765625
2024-07-03,60173.921875,5537.02001953125
2024-07-05,56662.375,5567.18994140625
2024-07-08,56705.09765625,5572.85009765625
2024-07-09,58009.2265625,5576.97998046875
2024-07-10,57742.49609375,5633.91015625
2024-07-11,57344.9140625,5584.5400390625
2024-07-12,57899.46484375,5615.35009765625
2024-07-15,64870.15234375,5631.22021484375
2024-07-16,65097.1484375,5667.2001953125
2024-07-17,64118.79296875,5588.27001953125
2024-07-18,63974.06640625,5544.58984375
2024-07-19,66710.15625,5505.0
2024-07-22,67585.25,5564.41015625
2024-07-23,65927.671875,5555.740234375
2024-07-24,65372.1328125,5427.1298828125
2024-07-25,65777.2265625,5399.22021484375
2024-07-26,67912.0625,5459.10009765625
2024-07-29,66819.9140625,5463.5400390625
2024-07-30,66201.015625,5436.43994140625
2024-07-31,64619.25,5522.2998046875
2024-08-01,65357.5,5446.68017578125
2024-08-02,61415.06640625,5346.56005859375
2024-08-05,53991.45703125,5186.330078125
2024-08-06,56034.31640625,5240.02978515625
2024-08-07,55027.4609375,5199.5
2024-08-08,61710.13671875,5319.31005859375
2024-08-09,60880.11328125,5344.16015625
2024-08-12,59354.515625,5344.39013671875
2024-08-13,60609.56640625,5434.43017578125
2024-08-14,58737.26953125,5455.2099609375
2024-08-15,57560.09765625,5543.22021484375
2024-08-16,58894.10546875,5554.25
2024-08-19,59493.453125,5608.25
2024-08-20,59012.79296875,5597.1201171875
2024-08-21,61175.19140625,5620.85009765625
2024-08-22,60381.9140625,5570.64013671875
2024-08-23,64094.35546875,5634.60986328125
2024-08-26,62880.66015625,5616.83984375
2024-08-27,59504.1328125,5625.7998046875
2024-08-28,59027.625,5592.18017578125
2024-08-29,59388.1796875,5591.9599609375
2024-08-30,59119.4765625,5648.39990234375
2024-09-03,57431.0234375,5528.93017578125
2024-09-04,57971.5390625,5520.06982421875
2024-09-05,56160.48828125,5503.41015625
2024-09-06,53948.75390625,5408.419921875
2024-09-09,57019.53515625,5471.0498046875
2024-09-10,57648.7109375,5495.52001953125
2024-09-11,57343.171875,5554.1298828125
2024-09-12,58127.01171875,5595.759765625
2024-09-13,60571.30078125,5626.02001953125
2024-09-16,58192.5078125,5633.08984375
2024-09-17,60308.5390625,5634.580078125
2024-09-18,61649.6796875,5618.259765625
2024-09-19,62940.45703125,5713.64013671875
2024-09-20,63192.9765625,5702.5498046875
2024-09-23,63329.80078125,5718.56982421875
2024-09-24,64301.96875,5732.93017578125
2024-09-25,63143.14453125,5722.259765625
2024-09-26,65181.01953125,5745.3701171875
2024-09-27,65790.6640625,5738.169921875
2024-09-30,63329.5,5762.47998046875
2024-10-01,60837.0078125,5708.75
2024-10-02,60632.78515625,5709.5400390625
2024-10-03,60759.40234375,5699.93994140625
2024-10-04,62067.4765625,5751.06982421875
2024-10-07,62236.66015625,5695.93994140625
2024-10-08,62131.96875,5751.1298828125
2024-10-09,60582.1015625,5792.0400390625
2024-10-10,60274.5,5780.0498046875
2024-10-11,62445.08984375,5815.02978515625
2024-10-14,66046.125,5859.85009765625
2024-10-15,67041.109375,5815.259765625
2024-10-16,67612.71875,5842.47021484375
2024-10-17,67399.8359375,5841.47021484375
2024-10-18,68418.7890625,5864.669921875
2024-10-21,67367.8515625,5853.97998046875
2024-10-22,67361.40625,5851.2001953125
2024-10-23,66432.1953125,5797.419921875
2024-10-24,68161.0546875,5809.85986328125
2024-10-25,66642.4140625,5808.1201171875
2024-10-28,69907.7578125,5823.52001953125
2024-10-29,72720.4921875,5832.919921875
2024-10-30,72339.5390625,5813.669921875
2024-10-31,70215.1875,5705.4501953125
2024-11-01,69482.46875,5728.7998046875
2024-11-04,67811.5078125,5712.68994140625
2024-11-05,69359.5625,5782.759765625
2024-11-06,75639.078125,5929.0400390625
2024-11-07,75904.859375,5973.10009765625
2024-11-08,76545.4765625,5995.5400390625
2024-11-11,88701.484375,6001.35009765625
2024-11-12,87955.8125,5983.990234375
2024-11-13,90584.1640625,5985.3798828125
2024-11-14,87250.4296875,5949.169921875
2024-11-15,91066.0078125,5870.6201171875
2024-11-18,90542.640625,5893.6201171875
2024-11-19,92343.7890625,5916.97998046875
2024-11-20,94339.4921875,5917.10986328125
2024-11-21,98504.7265625,5948.7099609375
2024-11-22,98997.6640625,5969.33984375
2024-11-25,93102.296875,5987.3701171875
2024-11-26,91985.3203125,6021.6298828125
2024-11-27,95962.53125,5998.740234375
2024-11-29,97461.5234375,6032.3798828125
2024-12-02,95865.3046875,6047.14990234375
2024-12-03,96002.1640625,6049.8798828125
2024-12-04,98768.53125,6086.490234375
2024-12-05,96593.5703125,6075.10986328125
2024-12-06,99920.7109375,6090.27001953125
2024-12-09,97432.71875,6052.85009765625
2024-12-10,96675.4296875,6034.91015625
2024-12-11,101173.03125,6084.18994140625
2024-12-12,100043.0,6051.25
2024-12-13,101459.2578125,6051.08984375
2024-12-16,106029.71875,6074.080078125
2024-12-17,106140.6015625,6050.60986328125
2024-12-18,100041.5390625,5872.16015625
2024-12-19,97490.953125,5867.080078125
2024-12-20,97755.9296875,5930.85009765625
2024-12-23,94686.2421875,5974.06982421875
2024-12-24,98676.09375,6040.0400390625
2024-12-26,95795.515625,6037.58984375
2024-12-27,94164.859375,5970.83984375
2024-12-30,92643.2109375,5906.93994140625
2024-12-31,93429.203125,5881.6298828125
2025-01-02,96886.875,5868.5498046875
2025-01-03,98107.4296875,5942.47021484375
2025-01-06,102078.0859375,5975.3798828125
2025-01-07,96922.703125,5909.02978515625
2025-01-08,95043.5234375,5918.25
2025-01-10,94701.453125,5827.0400390625
2025-01-13,94516.5234375,5836.22021484375
2025-01-14,96534.046875,5842.91015625
2025-01-15,100504.4921875,5949.91015625
2025-01-16,99756.90625,5937.33984375
2025-01-17,104462.0390625,5996.66015625
2025-01-21,106146.265625,6049.240234375
2025-01-22,103653.0703125,6086.3701171875
2025-01-23,103960.171875,6118.7099609375
2025-01-24,104819.484375,6101.240234375
2025-01-27,102087.6875,6012.27978515625
2025-01-28,101332.4765625,6067.7001953125
2025-01-29,103703.2109375,6039.31005859375
2025-01-30,104735.3046875,6071.169921875
2025-01-31,102405.0234375,6040.52978515625
2025-02-03,101405.421875,5994.56982421875
2025-02-04,97871.8203125,6037.8798828125
2025-02-05,96615.4453125,6061.47998046875
2025-02-06,96593.296875,6083.56982421875
2025-02-07,96529.0859375,6025.990234375
2025-02-10,97437.5546875,6066.43994140625
2025-02-11,95747.4296875,6068.5
2025-02-12,97885.859375,6051.97021484375
2025-02-13,96623.8671875,6115.06982421875
2025-02-14,97508.96875,6114.6298828125
2025-02-18,95539.546875,6129.580078125
2025-02-19,96635.609375,6144.14990234375
2025-02-20,98333.9375,6117.52001953125
2025-02-21,96125.546875,6013.1298828125
2025-02-24,91418.171875,5983.25
2025-02-25,88736.171875,5955.25
2025-02-26,84347.0234375,5956.06005859375
2025-02-27,84704.2265625,5861.56982421875
2025-02-28,84373.0078125,5954.5
2025-03-03,86065.671875,5849.72021484375
2025-03-04,87222.1953125,5778.14990234375
2025-03-05,90623.5625,5842.6298828125
2025-03-06,89961.7265625,5738.52001953125
2025-03-07,86742.671875,5770.2001953125
2025-03-10,78532.0,5614.56005859375
2025-03-11,82862.2109375,5572.06982421875
2025-03-12,83722.359375,5599.2998046875
2025-03-13,81066.703125,5521.52001953125
2025-03-14,83969.1015625,5638.93994140625
2025-03-17,84075.6875,5675.1201171875
2025-03-18,82718.5,5614.66015625
2025-03-19,86854.2265625,5675.2900390625
2025-03-20,84167.1953125,5662.89013671875
2025-03-21,84043.2421875,5667.56005859375
2025-03-24,87498.9140625,5767.56982421875
2025-03-25,87471.703125,5776.64990234375
2025-03-26,86900.8828125,5712.2001953125
2025-03-27,87177.1015625,5693.31005859375
2025-03-28,84353.1484375,5580.93994140625
2025-03-31,82548.9140625,5611.85009765625
2025-04-01,85169.171875,5633.06982421875
2025-04-02,82485.7109375,5670.97021484375
2025-04-03,83102.828125,5396.52001953125
2025-04-04,83843.8046875,5074.080078125
2025-04-07,79235.3359375,5062.25
2025-04-08,76271.953125,4982.77001953125
2025-04-09,82573.953125,5456.89990234375
2025-04-10,79626.140625,5268.0498046875
2025-04-11,83404.8359375,5363.35986328125
2025-04-14,84542.390625,5405.97021484375
2025-04-15,83668.9921875,5396.6298828125
2025-04-16,84033.8671875,5275.7001953125
2025-04-17,84895.75,5282.7001953125
2025-04-21,87518.90625,5158.2001953125
2025-04-22,93441.890625,5287.759765625
2025-04-23,93699.109375,5375.85986328125
2025-04-24,93943.796875,5484.77001953125
2025-04-25,94720.5,5525.2099609375
2025-04-28,94978.75,5528.75
2025-04-29,94284.7890625,5560.830078125
2025-04-30,94207.3125,5569.06005859375
2025-05-01,96492.3359375,5604.14013671875
2025-05-02,96910.0703125,5686.669921875
2025-05-05,94748.0546875,5650.3798828125
2025-05-06,96802.4765625,5606.91015625
2025-05-07,97032.3203125,5631.27978515625
2025-05-08,103241.4609375,5663.93994140625
2025-05-09,102970.8515625,5659.91015625
2025-05-12,102812.953125,5844.18994140625
2025-05-13,104169.8125,5886.5498046875
2025-05-14,103539.4140625,5892.580078125
2025-05-15,103744.640625,5916.93017578125
2025-05-16,103489.2890625,5958.3798828125
2025-05-19,105606.1796875,5963.60009765625
2025-05-20,106791.0859375,5940.4599609375
2025-05-21,109678.078125,5844.60986328125
2025-05-22,111673.28125,5842.009765625
2025-05-23,107287.796875,5802.81982421875
2025-05-27,108994.640625,5921.5400390625
2025-05-28,107802.328125,5888.5498046875
2025-05-29,105641.7578125,5912.169921875
2025-05-30,103998.5703125,5911.68994140625
2025-06-02,105881.53125,5935.93994140625
2025-06-03,105432.46875,5970.3701171875
2025-06-04,104731.984375,5970.81005859375
2025-06-05,101575.953125,5939.2998046875
2025-06-06,104390.34375,6000.35986328125
2025-06-09,110294.1015625,6005.8798828125
2025-06-10,110257.234375,6038.81005859375
2025-06-11,108686.625,6022.240234375
2025-06-12,105929.0546875,6045.259765625
2025-06-13,106090.96875,5976.97021484375
2025-06-16,106796.7578125,6033.10986328125
2025-06-17,104601.1171875,5982.72021484375
2025-06-18,104883.328125,5980.8701171875
2025-06-20,103309.6015625,5967.83984375
2025-06-23,105577.7734375,6025.169921875
2025-06-24,106045.6328125,6092.18017578125
2025-06-25,107361.2578125,6092.16015625
2025-06-26,106960.0,6141.02001953125
2025-06-27,107088.4296875,6173.06982421875
2025-06-30,107135.3359375,6204.9501953125
2025-07-01,105698.28125,6198.009765625
2025-07-02,108859.3203125,6227.419921875
2025-07-03,109647.9765625,6279.35009765625
2025-07-07,108299.8515625,6229.97998046875
2025-07-08,108950.2734375,6225.52001953125
2025-07-09,111326.5546875,6263.259765625
2025-07-10,115987.203125,6280.4599609375
2025-07-11,117516.9921875,6259.75
2025-07-14,119849.703125,6268.56005859375
2025-07-15,117777.1875,6243.759765625
2025-07-16,118738.5078125,6263.7001953125
2025-07-17,119289.84375,6297.35986328125
2025-07-18,118003.2265625,6296.7900390625
2025-07-21,117439.5390625,6305.60009765625
2025-07-22,119995.4140625,6309.6201171875
2025-07-23,118754.9609375,6358.91015625
2025-07-24,118368.0,6363.35009765625
2025-07-25,117635.8828125,6388.64013671875
2025-07-28,117924.4765625,6389.77001953125
2025-07-29,117922.1484375,6370.85986328125
2025-07-30,117831.1875,6362.89990234375
2025-07-31,115758.203125,6339.39013671875
2025-08-01,113320.0859375,6238.009765625
2025-08-04,115071.8828125,6329.93994140625
2025-08-05,114141.4453125,6299.18994140625
2025-08-06,115028.0,6345.06005859375
2025-08-07,117496.8984375,6340.0
2025-08-08,116688.7265625,6389.4501953125
2025-08-11,118731.4453125,6373.4501953125
2025-08-12,120172.90625,6445.759765625
2025-08-13,123344.0625,6466.580078125
2025-08-14,118359.578125,6468.5400390625
2025-08-15,117398.3515625,6449.7998046875
2025-08-18,116252.3125,6449.14990234375
2025-08-19,112831.1796875,6411.3701171875
2025-08-20,114274.7421875,6395.77978515625
2025-08-21,112419.03125,6370.169921875
2025-08-22,116874.0859375,6466.91015625
2025-08-25,110124.3515625,6439.31982421875
2025-08-26,111802.65625,6465.93994140625
2025-08-27,111222.0625,6481.39990234375
2025-08-28,112544.8046875,6501.85986328125
2025-08-29,108410.8359375,6460.259765625
2025-09-02,111200.5859375,6415.5400390625
2025-09-03,111723.2109375,6448.259765625
2025-09-04,110723.6015625,6502.080078125
2025-09-05,110650.984375,6481.5
2025-09-08,112071.4296875,6495.14990234375
2025-09-09,111530.546875,6512.60986328125
2025-09-10,113955.359375,6532.0400390625
2025-09-11,115507.5390625,6587.47021484375
2025-09-12,116101.578125,6584.2900390625
2025-09-15,115444.875,6615.27978515625
2025-09-16,116843.1875,6606.759765625
2025-09-17,116468.5078125,6600.35009765625
2025-09-18,117137.203125,6631.9599609375
2025-09-19,115688.859375,6664.35986328125
2025-09-22,112748.5078125,6693.75
2025-09-23,112014.5,6656.919921875
2025-09-24,113328.6328125,6637.97021484375
2025-09-25,109049.2890625,6604.72021484375
2025-09-26,109712.828125,6643.7001953125
2025-09-29,114400.3828125,6661.2099609375
2025-09-30,114056.0859375,6688.4599609375
2025-10-01,118648.9296875,6711.2001953125
2025-10-02,120681.2578125,6715.35009765625
2025-10-03,122266.53125,6715.7900390625
2025-10-06,124752.53125,6740.27978515625
2025-10-07,121451.3828125,6714.58984375
2025-10-08,123354.8671875,6753.72021484375
2025-10-09,121705.5859375,6735.10986328125
2025-10-10,113214.3671875,6552.509765625
2025-10-13,115271.078125,6654.72021484375
2025-10-14,113118.6640625,6644.31005859375
2025-10-15,110783.1640625,6671.06005859375
2025-10-16,108186.0390625,6629.06982421875
2025-10-17,106467.7890625,6664.009765625
2025-10-20,110588.9296875,6735.1298828125
2025-10-21,108476.890625,6735.35009765625
2025-10-22,107688.5859375,6699.39990234375
2025-10-23,110069.7265625,6738.43994140625
2025-10-24,111033.921875,6791.68994140625
2025-10-27,114119.328125,6875.16015625
2025-10-28,112956.1640625,6890.89013671875
2025-10-29,110055.3046875,6890.58984375
2025-10-30,108305.546875,6822.33984375
2025-10-31,109556.1640625,6840.2001953125
2025-11-03,106547.5234375,6851.97021484375
2025-11-04,101590.5234375,6771.5498046875
2025-11-05,103891.8359375,6796.2900390625
2025-11-06,101301.2890625,6720.31982421875
2025-11-07,103372.40625,6728.7998046875
2025-11-10,105996.59375,6832.43017578125
2025-11-11,102997.46875,6846.60986328125
2025-11-12,101663.1875,6850.919921875
2025-11-13,99697.4921875,6737.490234375
2025-11-14,94397.7890625,6734.10986328125
2025-11-17,92093.875,6672.41015625
2025-11-18,92948.875,6617.31982421875
2025-11-19,91465.9921875,6642.16015625
2025-11-20,86631.8984375,6538.759765625
2025-11-21,85090.6875,6602.990234375
2025-11-24,88270.5625,6705.1201171875
2025-11-25,87341.890625,6765.8798828125
2025-11-26,90518.3671875,6812.60986328125
2025-11-28,90919.265625,6849.08984375
2025-12-01,86321.5703125,6812.6298828125
2025-12-02,91350.203125,6829.3701171875
2025-12-03,93527.8046875,6849.72021484375
2025-12-04,92141.625,6857.1201171875
2025-12-05,89387.7578125,6870.39990234375
2025-12-08,90640.203125,6846.509765625
2025-12-09,92691.7109375,6840.509765625
2025-12-10,92020.9453125,6886.68017578125
2025-12-11,92511.3359375,6901.0
2025-12-12,90270.4140625,6827.41015625
2025-12-15,86419.78125,6816.509765625
2025-12-16,87843.984375,6800.259765625
2025-12-17,86143.7578125,6721.43017578125
2025-12-18,85462.5078125,6774.759765625
2025-12-19,88103.3828125,6834.5
2025-12-22,88490.015625,6878.490234375
2025-12-23,87414.0,6909.7900390625
2025-12-24,87611.9609375,6932.0498046875
2025-12-26,87301.4296875,6929.93994140625
2025-12-29,87138.140625,6905.740234375
2025-12-30,88430.1328125,6896.240234375
